SET SQL_MODE = "NO_AUTO_VALUE_ON_ZERO";
START TRANSACTION;
SET time_zone = "+00:00";

/*!40101 SET @OLD_CHARACTER_SET_CLIENT=@@CHARACTER_SET_CLIENT */;
/*!40101 SET @OLD_CHARACTER_SET_RESULTS=@@CHARACTER_SET_RESULTS */;
/*!40101 SET @OLD_COLLATION_CONNECTION=@@COLLATION_CONNECTION */;
/*!40101 SET NAMES utf8mb4 */;

CREATE DATABASE IF NOT EXISTS `northwind` DEFAULT CHARACTER SET utf8mb4 COLLATE utf8mb4_general_ci;
USE `northwind`;

CREATE TABLE `categories` (
  `id` int(11) NOT NULL,
  `name` varchar(15) NOT NULL,
  `description` varchar(1000) DEFAULT NULL,
  `imageName` varchar(50) DEFAULT NULL
) ENGINE=InnoDB DEFAULT CHARSET=utf8mb4 COLLATE=utf8mb4_general_ci;

INSERT INTO `categories` (`id`, `name`, `description`, `imageName`) VALUES
(1, 'Beverages', 'Soft drinks, coffees, teas, beers, and ales', '01a1f85a-335e-4797-82b4-4c53d3aacb73.jpg'),
(2, 'Condiments', 'Sweet and savory sauces, relishes, spreads, and seasonings', '02a73454-d64c-4904-9acf-bdf31a029e45.jpg'),
(3, 'Confections', 'Desserts, candies, and sweet breads', '03aed705-1b03-4efc-ab11-b7b8e386d7f1.jpg'),
(4, 'Dairy Products', 'Cheeses', '04ac8f49-0520-4dc0-b47a-9509ab7b64cc.jpg'),
(5, 'Grains/Cereals', 'Breads, crackers, pasta, and cereal', '05a25546-2298-4b01-9e0d-a47a07bf8c57.jpg'),
(6, 'Meat/Poultry', 'Prepared meats', '06a7dd73-e0a7-44e1-a32f-dff26276b82c.jpg'),
(7, 'Produce', 'Dried fruit and bean curd', '07ad1dc3-a0fe-4b25-aa4b-bb8c7bc84243.jpg'),
(8, 'Seafood', 'Seaweed and fish', '08ace5ab-0c46-473d-a48e-8f9aa478fffc.jpg');

CREATE TABLE `cities` (
  `id` int(11) NOT NULL,
  `name` varchar(50) NOT NULL,
  `countryId` int(11) NOT NULL
) ENGINE=InnoDB DEFAULT CHARSET=utf8mb4 COLLATE=utf8mb4_general_ci;

INSERT INTO `cities` (`id`, `name`, `countryId`) VALUES
(1, 'Aachen', 10),
(2, 'Albuquerque', 24),
(3, 'Anchorage', 24),
(4, 'Ann Arbor', 24),
(5, 'Annecy', 9),
(6, 'Århus', 7),
(7, 'Barcelona', 20),
(8, 'Barquisimeto', 25),
(9, 'Bend', 24),
(10, 'Bergamo', 12),
(11, 'Berlin', 10),
(12, 'Bern', 22),
(13, 'Boise', 24),
(14, 'Boston', 24),
(15, 'Bräcke', 21),
(16, 'Brandenburg', 10),
(17, 'Bruxelles', 4),
(18, 'Buenos Aires', 1),
(19, 'Butte', 24),
(20, 'Campinas', 5),
(21, 'Caracas', 25),
(22, 'Charleroi', 4),
(23, 'Colchester', 23),
(24, 'Cork', 11),
(25, 'Cowes', 23),
(26, 'Cunewalde', 10),
(27, 'Cuxhaven', 10),
(28, 'Elgin', 24),
(29, 'Eugene', 24),
(30, 'Frankfurt', 10),
(31, 'Frankfurt a.M.', 10),
(32, 'Genève', 22),
(33, 'Göteborg', 21),
(34, 'Graz', 3),
(35, 'Helsinki', 8),
(36, 'I. de Margarita', 25),
(37, 'Kirkland', 24),
(38, 'Kobenhavn', 7),
(39, 'Köln', 10),
(40, 'Lander', 24),
(41, 'Lappeenranta', 8),
(42, 'Leipzig', 10),
(43, 'Lille', 9),
(44, 'Lisboa', 18),
(45, 'London', 23),
(46, 'Luleå', 21),
(47, 'Lyngby', 7),
(48, 'Lyon', 9),
(49, 'Madrid', 20),
(50, 'Manchester', 23),
(51, 'Mannheim', 10),
(52, 'Marseille', 9),
(53, 'Melbourne', 2),
(54, 'México D.F.', 14),
(55, 'Montceau', 9),
(56, 'Montréal', 6),
(57, 'München', 10),
(58, 'Münster', 10),
(59, 'Nantes', 9),
(60, 'New Orleans', 24),
(61, 'Osaka', 13),
(62, 'Oulu', 8),
(63, 'Oviedo', 20),
(64, 'Paris', 9),
(65, 'Portland', 24),
(66, 'Ravenna', 12),
(67, 'Redmond', 24),
(68, 'Reggio Emilia', 12),
(69, 'Reims', 9),
(70, 'Resende', 5),
(71, 'Rio de Janeiro', 5),
(72, 'Salerno', 12),
(73, 'Salzburg', 3),
(74, 'San Cristóbal', 25),
(75, 'San Francisco', 24),
(76, 'Sandvika', 16),
(77, 'Sao Paulo', 5),
(78, 'Seattle', 24),
(79, 'Sevilla', 20),
(80, 'Singapore', 19),
(81, 'Stavern', 16),
(82, 'Ste-Hyacinthe', 6),
(83, 'Stockholm', 21),
(84, 'Strasbourg', 9),
(85, 'Stuttgart', 10),
(86, 'Sydney', 2),
(87, 'Tacoma', 24),
(88, 'Tokyo', 13),
(89, 'Torino', 12),
(90, 'Toulouse', 9),
(91, 'Tsawassen', 6),
(92, 'Vancouver', 6),
(93, 'Versailles', 9),
(94, 'Walla Walla', 24),
(95, 'Warszawa', 17),
(96, 'Zaandam', 15);

CREATE TABLE `countries` (
  `id` int(11) NOT NULL,
  `name` varchar(50) NOT NULL
) ENGINE=InnoDB DEFAULT CHARSET=utf8mb4 COLLATE=utf8mb4_general_ci;

INSERT INTO `countries` (`id`, `name`) VALUES
(1, 'Argentina'),
(2, 'Australia'),
(3, 'Austria'),
(4, 'Belgium'),
(5, 'Brazil'),
(6, 'Canada'),
(7, 'Denmark'),
(8, 'Finland'),
(9, 'France'),
(10, 'Germany'),
(11, 'Ireland'),
(12, 'Italy'),
(13, 'Japan'),
(14, 'Mexico'),
(15, 'Netherlands'),
(16, 'Norway'),
(17, 'Poland'),
(18, 'Portugal'),
(19, 'Singapore'),
(20, 'Spain'),
(21, 'Sweden'),
(22, 'Switzerland'),
(23, 'UK'),
(24, 'USA'),
(25, 'Venezuela');

CREATE TABLE `customers` (
  `id` char(5) NOT NULL,
  `companyName` varchar(40) NOT NULL,
  `contactName` varchar(30) DEFAULT NULL,
  `contactTitle` varchar(30) DEFAULT NULL,
  `countryId` int(11) DEFAULT NULL,
  `cityId` int(11) DEFAULT NULL,
  `address` varchar(60) DEFAULT NULL,
  `postalCode` varchar(10) DEFAULT NULL,
  `phone` varchar(24) DEFAULT NULL,
  `fax` varchar(24) DEFAULT NULL
) ENGINE=InnoDB DEFAULT CHARSET=utf8mb4 COLLATE=utf8mb4_general_ci;

INSERT INTO `customers` (`id`, `companyName`, `contactName`, `contactTitle`, `countryId`, `cityId`, `address`, `postalCode`, `phone`, `fax`) VALUES
('ALFKI', 'Alfreds Futterkiste', 'Maria Anders', 'Sales Representative', 10, 11, 'Obere Str. 57', '12209', '030-0074321', '030-0076545'),
('ANATR', 'Ana Trujillo Emparedados y helados', 'Ana Trujillo', 'Owner', 14, 54, 'Avda. de la Constitución 2222', '05021', '(5) 555-4729', '(5) 555-3745'),
('ANTON', 'Antonio Moreno Taquería', 'Antonio Moreno', 'Owner', 14, 54, 'Mataderos  2312', '05023', '(5) 555-3932', NULL),
('AROUT', 'Around the Horn', 'Thomas Hardy', 'Sales Representative', 23, 45, '120 Hanover Sq.', 'WA1 1DP', '(171) 555-7788', '(171) 555-6750'),
('BERGS', 'Berglunds snabbköp', 'Christina Berglund', 'Order Administrator', 21, 46, 'Berguvsvägen  8', 'S-958 22', '0921-12 34 65', '0921-12 34 67'),
('BLAUS', 'Blauer See Delikatessen', 'Hanna Moos', 'Sales Representative', 10, 51, 'Forsterstr. 57', '68306', '0621-08460', '0621-08924'),
('BLONP', 'Blondesddsl père et fils', 'Frédérique Citeaux', 'Marketing Manager', 9, 84, '24, place Kléber', '67000', '88.60.15.31', '88.60.15.32'),
('BOLID', 'Bólido Comidas preparadas', 'Martín Sommer', 'Owner', 20, 49, 'C/ Araquil, 67', '28023', '(91) 555 22 82', '(91) 555 91 99'),
('BONAP', 'Bon app\'', 'Laurence Lebihan', 'Owner', 9, 52, '12, rue des Bouchers', '13008', '91.24.45.40', '91.24.45.41'),
('BOTTM', 'Bottom-Dollar Markets', 'Elizabeth Lincoln', 'Accounting Manager', 6, 91, '23 Tsawassen Blvd.', 'T2F 8M4', '(604) 555-4729', '(604) 555-3745'),
('BSBEV', 'B\'s Beverages', 'Victoria Ashworth', 'Sales Representative', 23, 45, 'Fauntleroy Circus', 'EC2 5NT', '(171) 555-1212', NULL),
('CACTU', 'Cactus Comidas para llevar', 'Patricio Simpson', 'Sales Agent', 1, 18, 'Cerrito 333', '1010', '(1) 135-5555', '(1) 135-4892'),
('CENTC', 'Centro comercial Moctezuma', 'Francisco Chang', 'Marketing Manager', 14, 54, 'Sierras de Granada 9993', '05022', '(5) 555-3392', '(5) 555-7293'),
('CHOPS', 'Chop-suey Chinese', 'Yang Wang', 'Owner', 22, 12, 'Hauptstr. 29', '3012', '0452-076545', NULL),
('COMMI', 'Comércio Mineiro', 'Pedro Afonso', 'Sales Associate', 5, 77, 'Av. dos Lusíadas, 23', '05432-043', '(11) 555-7647', NULL),
('CONSH', 'Consolidated Holdings', 'Elizabeth Brown', 'Sales Representative', 23, 45, 'Berkeley Gardens 12  Brewery', 'WX1 6LT', '(171) 555-2282', '(171) 555-9199'),
('DRACD', 'Drachenblut Delikatessen', 'Sven Ottlieb', 'Order Administrator', 10, 1, 'Walserweg 21', '52066', '0241-039123', '0241-059428'),
('DUMON', 'Du monde entier', 'Janine Labrune', 'Owner', 9, 59, '67, rue des Cinquante Otages', '44000', '40.67.88.88', '40.67.89.89'),
('EASTC', 'Eastern Connection', 'Ann Devon', 'Sales Agent', 23, 45, '35 King George', 'WX3 6FW', '(171) 555-0297', '(171) 555-3373'),
('ERNSH', 'Ernst Handel', 'Roland Mendel', 'Sales Manager', 3, 34, 'Kirchgasse 6', '8010', '7675-3425', '7675-3426'),
('FAMIA', 'Familia Arquibaldo', 'Aria Cruz', 'Marketing Assistant', 5, 77, 'Rua Orós, 92', '05442-030', '(11) 555-9857', NULL),
('FISSA', 'FISSA Fabrica Inter. Salchichas S.A.', 'Diego Roel', 'Accounting Manager', 20, 49, 'C/ Moralzarzal, 86', '28034', '(91) 555 94 44', '(91) 555 55 93'),
('FOLIG', 'Folies gourmandes', 'Martine Rancé', 'Assistant Sales Agent', 9, 43, '184, chaussée de Tournai', '59000', '20.16.10.16', '20.16.10.17'),
('FOLKO', 'Folk och fä HB', 'Maria Larsson', 'Owner', 21, 15, 'Åkergatan 24', 'S-844 67', '0695-34 67 21', NULL),
('FRANK', 'Frankenversand', 'Peter Franken', 'Marketing Manager', 10, 57, 'Berliner Platz 43', '80805', '089-0877310', '089-0877451'),
('FRANR', 'France restauration', 'Carine Schmitt', 'Marketing Manager', 9, 59, '54, rue Royale', '44000', '40.32.21.21', '40.32.21.20'),
('FRANS', 'Franchi S.p.A.', 'Paolo Accorti', 'Sales Representative', 12, 89, 'Via Monte Bianco 34', '10100', '011-4988260', '011-4988261'),
('FURIB', 'Furia Bacalhau e Frutos do Mar', 'Lino Rodriguez', 'Sales Manager', 18, 44, 'Jardim das rosas n. 32', '1675', '(1) 354-2534', '(1) 354-2535'),
('GALED', 'Galería del gastrónomo', 'Eduardo Saavedra', 'Marketing Manager', 20, 7, 'Rambla de Cataluña, 23', '08022', '(93) 203 4560', '(93) 203 4561'),
('GODOS', 'Godos Cocina Típica', 'José Pedro Freyre', 'Sales Manager', 20, 79, 'C/ Romero, 33', '41101', '(95) 555 82 82', NULL),
('GOURL', 'Gourmet Lanchonetes', 'André Fonseca', 'Sales Associate', 5, 20, 'Av. Brasil, 442', '04876-786', '(11) 555-9482', NULL),
('GREAL', 'Great Lakes Food Market', 'Howard Snyder', 'Marketing Manager', 24, 29, '2732 Baker Blvd.', '97403', '(503) 555-7555', NULL),
('GROSR', 'GROSELLA-Restaurante', 'Manuel Pereira', 'Owner', 25, 21, '5ª Ave. Los Palos Grandes', '1081', '(2) 283-2951', '(2) 283-3397'),
('HANAR', 'Hanari Carnes', 'Mario Pontes', 'Accounting Manager', 5, 71, 'Rua do Paço, 67', '05454-876', '(21) 555-0091', '(21) 555-8765'),
('HILAA', 'HILARION-Abastos', 'Carlos Hernández', 'Sales Representative', 25, 74, 'Carrera 22 con Ave. Carlos Soublette #8-35', '5022', '(5) 555-1340', '(5) 555-1948'),
('HUNGC', 'Hungry Coyote Import Store', 'Yoshi Latimer', 'Sales Representative', 24, 28, 'City Center Plaza 516 Main St.', '97827', '(503) 555-6874', '(503) 555-2376'),
('HUNGO', 'Hungry Owl All-Night Grocers', 'Patricia McKenna', 'Sales Associate', 11, 24, '8 Johnstown Road', NULL, '2967 542', '2967 3333'),
('ISLAT', 'Island Trading', 'Helen Bennett', 'Marketing Manager', 23, 25, 'Garden House Crowther Way', 'PO31 7PJ', '(198) 555-8888', NULL),
('KOENE', 'Königlich Essen', 'Philip Cramer', 'Sales Associate', 10, 16, 'Maubelstr. 90', '14776', '0555-09876', NULL),
('LACOR', 'La corne d\'abondance', 'Daniel Tonini', 'Sales Representative', 9, 93, '67, avenue de l\'Europe', '78000', '30.59.84.10', '30.59.85.11'),
('LAMAI', 'La maison d\'Asie', 'Annette Roulet', 'Sales Manager', 9, 90, '1 rue Alsace-Lorraine', '31000', '61.77.61.10', '61.77.61.11'),
('LAUGB', 'Laughing Bacchus Wine Cellars', 'Yoshi Tannamuri', 'Marketing Assistant', 6, 92, '1900 Oak St.', 'V3F 2K1', '(604) 555-3392', '(604) 555-7293'),
('LAZYK', 'Lazy K Kountry Store', 'John Steel', 'Marketing Manager', 24, 94, '12 Orchestra Terrace', '99362', '(509) 555-7969', '(509) 555-6221'),
('LEHMS', 'Lehmanns Marktstand', 'Renate Messner', 'Sales Representative', 10, 31, 'Magazinweg 7', '60528', '069-0245984', '069-0245874'),
('LETSS', 'Let\'s Stop N Shop', 'Jaime Yorres', 'Owner', 24, 75, '87 Polk St. Suite 5', '94117', '(415) 555-5938', NULL),
('LILAS', 'LILA-Supermercado', 'Carlos González', 'Accounting Manager', 25, 8, 'Carrera 52 con Ave. Bolívar #65-98 Llano Largo', '3508', '(9) 331-6954', '(9) 331-7256'),
('LINOD', 'LINO-Delicateses', 'Felipe Izquierdo', 'Owner', 25, 36, 'Ave. 5 de Mayo Porlamar', '4980', '(8) 34-56-12', '(8) 34-93-93'),
('LONEP', 'Lonesome Pine Restaurant', 'Fran Wilson', 'Sales Manager', 24, 65, '89 Chiaroscuro Rd.', '97219', '(503) 555-9573', '(503) 555-9646'),
('MAGAA', 'Magazzini Alimentari Riuniti', 'Giovanni Rovelli', 'Marketing Manager', 12, 10, 'Via Ludovico il Moro 22', '24100', '035-640230', '035-640231'),
('MAISD', 'Maison Dewey', 'Catherine Dewey', 'Sales Agent', 4, 17, 'Rue Joseph-Bens 532', 'B-1180', '(02) 201 24 67', '(02) 201 24 68'),
('MEREP', 'Mère Paillarde', 'Jean Fresnière', 'Marketing Assistant', 6, 56, '43 rue St. Laurent', 'H1J 1C3', '(514) 555-8054', '(514) 555-8055'),
('MORGK', 'Morgenstern Gesundkost', 'Alexander Feuer', 'Marketing Assistant', 10, 42, 'Heerstr. 22', '04179', '0342-023176', NULL),
('NORTS', 'North/South', 'Simon Crowther', 'Sales Associate', 23, 45, 'South House 300 Queensbridge', 'SW7 1RZ', '(171) 555-7733', '(171) 555-2530'),
('OCEAN', 'Océano Atlántico Ltda.', 'Yvonne Moncada', 'Sales Agent', 1, 18, 'Ing. Gustavo Moncada 8585 Piso 20-A', '1010', '(1) 135-5333', '(1) 135-5535'),
('OLDWO', 'Old World Delicatessen', 'Rene Phillips', 'Sales Representative', 24, 3, '2743 Bering St.', '99508', '(907) 555-7584', '(907) 555-2880'),
('OTTIK', 'Ottilies Käseladen', 'Henriette Pfalzheim', 'Owner', 10, 39, 'Mehrheimerstr. 369', '50739', '0221-0644327', '0221-0765721'),
('PARIS', 'Paris spécialités', 'Marie Bertrand', 'Owner', 9, 64, '265, boulevard Charonne', '75012', '(1) 42.34.22.66', '(1) 42.34.22.77'),
('PERIC', 'Pericles Comidas clásicas', 'Guillermo Fernández', 'Sales Representative', 14, 54, 'Calle Dr. Jorge Cash 321', '05033', '(5) 552-3745', '(5) 545-3745'),
('PICCO', 'Piccolo und mehr', 'Georg Pipps', 'Sales Manager', 3, 73, 'Geislweg 14', '5020', '6562-9722', '6562-9723'),
('PRINI', 'Princesa Isabel Vinhos', 'Isabel de Castro', 'Sales Representative', 18, 44, 'Estrada da saúde n. 58', '1756', '(1) 356-5634', NULL),
('QUEDE', 'Que Delícia', 'Bernardo Batista', 'Accounting Manager', 5, 71, 'Rua da Panificadora, 12', '02389-673', '(21) 555-4252', '(21) 555-4545'),
('QUEEN', 'Queen Cozinha', 'Lúcia Carvalho', 'Marketing Assistant', 5, 77, 'Alameda dos Canàrios, 891', '05487-020', '(11) 555-1189', NULL),
('QUICK', 'QUICK-Stop', 'Horst Kloss', 'Accounting Manager', 10, 26, 'Taucherstraße 10', '01307', '0372-035188', NULL),
('RANCH', 'Rancho grande', 'Sergio Gutiérrez', 'Sales Representative', 1, 18, 'Av. del Libertador 900', '1010', '(1) 123-5555', '(1) 123-5556'),
('RATTC', 'Rattlesnake Canyon Grocery', 'Paula Wilson', 'Assistant Sales Representative', 24, 2, '2817 Milton Dr.', '87110', '(505) 555-5939', '(505) 555-3620'),
('REGGC', 'Reggiani Caseifici', 'Maurizio Moroni', 'Sales Associate', 12, 68, 'Strada Provinciale 124', '42100', '0522-556721', '0522-556722'),
('RICAR', 'Ricardo Adocicados', 'Janete Limeira', 'Assistant Sales Agent', 5, 71, 'Av. Copacabana, 267', '02389-890', '(21) 555-3412', NULL),
('RICSU', 'Richter Supermarkt', 'Michael Holz', 'Sales Manager', 22, 32, 'Grenzacherweg 237', '1203', '0897-034214', NULL),
('ROMEY', 'Romero y tomillo', 'Alejandra Camino', 'Accounting Manager', 20, 49, 'Gran Vía, 1', '28001', '(91) 745 6200', '(91) 745 6210'),
('SANTG', 'Santé Gourmet', 'Jonas Bergulfsen', 'Owner', 16, 81, 'Erling Skakkes gate 78', '4110', '07-98 92 35', '07-98 92 47'),
('SAVEA', 'Save-a-lot Markets', 'Jose Pavarotti', 'Sales Representative', 24, 13, '187 Suffolk Ln.', '83720', '(208) 555-8097', NULL),
('SEVES', 'Seven Seas Imports', 'Hari Kumar', 'Sales Manager', 23, 45, '90 Wadhurst Rd.', 'OX15 4NB', '(171) 555-1717', '(171) 555-5646'),
('SIMOB', 'Simons bistro', 'Jytte Petersen', 'Owner', 7, 38, 'Vinbæltet 34', '1734', '31 12 34 56', '31 13 35 57'),
('SPECD', 'Spécialités du monde', 'Dominique Perrier', 'Marketing Manager', 9, 64, '25, rue Lauriston', '75016', '(1) 47.55.60.10', '(1) 47.55.60.20'),
('SPLIR', 'Split Rail Beer & Ale', 'Art Braunschweiger', 'Sales Manager', 24, 40, 'P.O. Box 555', '82520', '(307) 555-4680', '(307) 555-6525'),
('SUPRD', 'Suprêmes délices', 'Pascale Cartrain', 'Accounting Manager', 4, 22, 'Boulevard Tirou, 255', 'B-6000', '(071) 23 67 22 20', '(071) 23 67 22 21'),
('THEBI', 'The Big Cheese', 'Liz Nixon', 'Marketing Manager', 24, 65, '89 Jefferson Way Suite 2', '97201', '(503) 555-3612', NULL),
('THECR', 'The Cracker Box', 'Liu Wong', 'Marketing Assistant', 24, 19, '55 Grizzly Peak Rd.', '59801', '(406) 555-5834', '(406) 555-8083'),
('TOMSP', 'Toms Spezialitäten', 'Karin Josephs', 'Marketing Manager', 10, 58, 'Luisenstr. 48', '44087', '0251-031259', '0251-035695'),
('TORTU', 'Tortuga Restaurante', 'Miguel Angel Paolino', 'Owner', 14, 54, 'Avda. Azteca 123', '05033', '(5) 555-2933', NULL),
('TRADH', 'Tradição Hipermercados', 'Anabela Domingues', 'Sales Representative', 5, 77, 'Av. Inês de Castro, 414', '05634-030', '(11) 555-2167', '(11) 555-2168'),
('TRAIH', 'Trail\'s Head Gourmet Provisioners', 'Helvetius Nagy', 'Sales Associate', 24, 37, '722 DaVinci Blvd.', '98034', '(206) 555-8257', '(206) 555-2174'),
('VAFFE', 'Vaffeljernet', 'Palle Ibsen', 'Sales Manager', 7, 6, 'Smagsloget 45', '8200', '86 21 32 43', '86 22 33 44'),
('VICTE', 'Victuailles en stock', 'Mary Saveley', 'Sales Agent', 9, 48, '2, rue du Commerce', '69004', '78.32.54.86', '78.32.54.87'),
('VINET', 'Vins et alcools Chevalier', 'Paul Henriot', 'Accounting Manager', 9, 69, '59 rue de l\'Abbaye', '51100', '26.47.15.10', '26.47.15.11'),
('WANDK', 'Die Wandernde Kuh', 'Rita Müller', 'Sales Representative', 10, 85, 'Adenauerallee 900', '70563', '0711-020361', '0711-035428'),
('WARTH', 'Wartian Herkku', 'Pirkko Koskitalo', 'Accounting Manager', 8, 62, 'Torikatu 38', '90110', '981-443655', '981-443655'),
('WELLI', 'Wellington Importadora', 'Paula Parente', 'Sales Manager', 5, 70, 'Rua do Mercado, 12', '08737-363', '(14) 555-8122', NULL),
('WHITC', 'White Clover Markets', 'Karl Jablonski', 'Owner', 24, 78, '305 - 14th Ave. S. Suite 3B', '98128', '(206) 555-4112', '(206) 555-4115'),
('WILMK', 'Wilman Kala', 'Matti Karttunen', 'Owner/Marketing Assistant', 8, 35, 'Keskuskatu 45', '21240', '90-224 8858', '90-224 8858'),
('WOLZA', 'Wolski  Zajazd', 'Zbyszek Piestrzeniewicz', 'Owner', 17, 95, 'ul. Filtrowa 68', '01-012', '(26) 642-7012', '(26) 642-7012');

CREATE TABLE `employees` (
  `id` int(11) NOT NULL,
  `firstName` varchar(10) NOT NULL,
  `lastName` varchar(20) NOT NULL,
  `title` varchar(30) DEFAULT NULL,
  `titleOfCourtesy` varchar(25) DEFAULT NULL,
  `birthDate` date DEFAULT NULL,
  `hireDate` date DEFAULT NULL,
  `countryId` int(11) DEFAULT NULL,
  `cityId` int(11) DEFAULT NULL,
  `address` varchar(60) DEFAULT NULL,
  `postalCode` varchar(10) DEFAULT NULL,
  `phone` varchar(24) DEFAULT NULL,
  `notes` longtext DEFAULT NULL,
  `reportsTo` int(11) DEFAULT NULL,
  `imageName` varchar(50) DEFAULT NULL
) ENGINE=InnoDB DEFAULT CHARSET=utf8mb4 COLLATE=utf8mb4_general_ci;

INSERT INTO `employees` (`id`, `firstName`, `lastName`, `title`, `titleOfCourtesy`, `birthDate`, `hireDate`, `countryId`, `cityId`, `address`, `postalCode`, `phone`, `notes`, `reportsTo`, `imageName`) VALUES
(1, 'Nancy', 'Davolio', 'Sales Representative', 'Ms.', '1948-12-08', '1992-05-01', 24, 78, '507 - 20th Ave. E.\r\nApt. 2A', '98122', '(206) 555-9857-5467', 'Education includes a BA in psychology from Colorado State University in 1970.  She also completed \"The Art of the Cold Call.\"  Nancy is a member of Toastmasters International.', 2, '01a5f7d1-42e8-4f71-83c4-58e86751b272.jpg'),
(2, 'Andrew', 'Fuller', 'Vice President, Sales', 'Dr.', '1952-02-19', '1992-08-14', 24, 87, '908 W. Capital Way', '98401', '(206) 555-9482-3457', 'Andrew received his BTS commercial in 1974 and a Ph.D. in international marketing from the University of Dallas in 1981.  He is fluent in French and Italian and reads German.  He joined the company as a sales representative, was promoted to sales manager in January 1992 and to vice president of sales in March 1993.  Andrew is a member of the Sales Management Roundtable, the Seattle Chamber of Commerce, and the Pacific Rim Importers Association.', NULL, '02a1903c-8edf-4695-83cc-0bde063fcc89.jpg'),
(3, 'Janet', 'Leverling', 'Sales Representative', 'Ms.', '1963-08-30', '1992-04-01', 24, 37, '722 Moss Bay Blvd.', '98033', '(206) 555-3412-3355', 'Janet has a BS degree in chemistry from Boston College (1984).  She has also completed a certificate program in food retailing management.  Janet was hired as a sales associate in 1991 and promoted to sales representative in February 1992.', 2, '03a376a5-ad33-4b35-bca0-d1c15dadafe2.jpg'),
(4, 'Margaret', 'Peacock', 'Sales Representative', 'Mrs.', '1937-09-19', '1993-05-03', 24, 67, '4110 Old Redmond Rd.', '98052', '(206) 555-8122-5176', 'Margaret holds a BA in English literature from Concordia College (1958) and an MA from the American Institute of Culinary Arts (1966).  She was assigned to the London office temporarily from July through November 1992.', 2, '04a9f2d9-ecae-4b5c-b294-9e12c1b846b0.jpg'),
(5, 'Steven', 'Buchanan', 'Sales Manager', 'Mr.', '1955-03-04', '1993-10-17', 23, 45, '14 Garrett Hill', 'SW1 8JR', '(71) 555-4848-3453', 'Steven Buchanan graduated from St. Andrews University, Scotland, with a BSC degree in 1976.  Upon joining the company as a sales representative in 1992, he spent 6 months in an orientation program at the Seattle office and then returned to his permanent post in London.  He was promoted to sales manager in March 1993.  Mr. Buchanan has completed the courses \"Successful Telemarketing\" and \"International Sales Management.\"  He is fluent in French.', 2, '05adb741-5e82-4211-b481-cd1ae9c72591.jpg'),
(6, 'Michael', 'Suyama', 'Sales Representative', 'Mr.', '1963-07-02', '1993-10-17', 23, 45, 'Coventry House\r\nMiner Rd.', 'EC2 7JR', '(71) 555-7773-428', 'Michael is a graduate of Sussex University (MA, economics, 1983) and the University of California at Los Angeles (MBA, marketing, 1986).  He has also taken the courses \"Multi-Cultural Selling\" and \"Time Management for the Sales Professional.\"  He is fluent in Japanese and can read and write French, Portuguese, and Spanish.', 5, '06a6f78e-b409-4e02-950c-fd2c0ad2465f.jpg'),
(7, 'Robert', 'King', 'Sales Representative', 'Mr.', '1960-05-29', '1994-01-02', 23, 45, 'Edgeham Hollow\r\nWinchester Way', 'RG1 9SP', '(71) 555-5598-465', 'Robert King served in the Peace Corps and traveled extensively before completing his degree in English at the University of Michigan in 1992, the year he joined the company.  After completing a course entitled \"Selling in Europe,\" he was transferred to the London office in March 1993.', 5, '07a18216-4416-43c0-b4d8-0ed5bde0dedb.jpg'),
(8, 'Laura', 'Callahan', 'Inside Sales Coordinator', 'Ms.', '1958-01-09', '1994-03-05', 24, 78, '4726 - 11th Ave. N.E.', '98105', '(206) 555-1189-2344', 'Laura received a BA in psychology from the University of Washington.  She has also completed a course in business French.  She reads and writes French.', 2, '08ac4acc-e880-424f-9159-4823c9ba5f5a.jpg'),
(9, 'Anne', 'Dodsworth', 'Sales Representative', 'Ms.', '1966-01-27', '1994-11-15', 23, 45, '7 Houndstooth Rd.', 'WG2 7LT', '(71) 555-4444-452', 'Anne has a BA degree in English from St. Lawrence College.  She is fluent in French and German.', 5, '09a246db-67ec-4298-8bfa-908755e2f49b.jpg');

CREATE TABLE `order-details` (
  `orderId` int(11) NOT NULL,
  `productId` int(11) NOT NULL,
  `price` decimal(19,4) NOT NULL DEFAULT 0.0000,
  `quantity` smallint(6) NOT NULL DEFAULT 1,
  `discount` float(24,0) NOT NULL DEFAULT 0
) ENGINE=InnoDB DEFAULT CHARSET=utf8mb4 COLLATE=utf8mb4_general_ci;

INSERT INTO `order-details` (`orderId`, `productId`, `price`, `quantity`, `discount`) VALUES
(10248, 11, 14.0000, 12, 0),
(10248, 42, 9.8000, 10, 0),
(10248, 72, 34.8000, 5, 0),
(10249, 14, 18.6000, 9, 0),
(10249, 51, 42.4000, 40, 0),
(10250, 41, 7.7000, 10, 0),
(10250, 51, 42.4000, 35, 0),
(10250, 65, 16.8000, 15, 0),
(10251, 22, 16.8000, 6, 0),
(10251, 57, 15.6000, 15, 0),
(10251, 65, 16.8000, 20, 0),
(10252, 20, 64.8000, 40, 0),
(10252, 33, 2.0000, 25, 0),
(10252, 60, 27.2000, 40, 0),
(10253, 31, 10.0000, 20, 0),
(10253, 39, 14.4000, 42, 0),
(10253, 49, 16.0000, 40, 0),
(10254, 24, 3.6000, 15, 0),
(10254, 55, 19.2000, 21, 0),
(10254, 74, 8.0000, 21, 0),
(10255, 2, 15.2000, 20, 0),
(10255, 16, 13.9000, 35, 0),
(10255, 36, 15.2000, 25, 0),
(10255, 59, 44.0000, 30, 0),
(10256, 53, 26.2000, 15, 0),
(10256, 77, 10.4000, 12, 0),
(10257, 27, 35.1000, 25, 0),
(10257, 39, 14.4000, 6, 0),
(10257, 77, 10.4000, 15, 0),
(10258, 2, 15.2000, 50, 0),
(10258, 5, 17.0000, 65, 0),
(10258, 32, 25.6000, 6, 0),
(10259, 21, 8.0000, 10, 0),
(10259, 37, 20.8000, 1, 0),
(10260, 41, 7.7000, 16, 0),
(10260, 57, 15.6000, 50, 0),
(10260, 62, 39.4000, 15, 0),
(10260, 70, 12.0000, 21, 0),
(10261, 21, 8.0000, 20, 0),
(10261, 35, 14.4000, 20, 0),
(10262, 5, 17.0000, 12, 0),
(10262, 7, 24.0000, 15, 0),
(10262, 56, 30.4000, 2, 0),
(10263, 16, 13.9000, 60, 0),
(10263, 24, 3.6000, 28, 0),
(10263, 30, 20.7000, 60, 0),
(10263, 74, 8.0000, 36, 0),
(10264, 2, 15.2000, 35, 0),
(10264, 41, 7.7000, 25, 0),
(10265, 17, 31.2000, 30, 0),
(10265, 70, 12.0000, 20, 0),
(10266, 12, 30.4000, 12, 0),
(10267, 40, 14.7000, 50, 0),
(10267, 59, 44.0000, 70, 0),
(10267, 76, 14.4000, 15, 0),
(10268, 29, 99.0000, 10, 0),
(10268, 72, 27.8000, 4, 0),
(10269, 33, 2.0000, 60, 0),
(10269, 72, 27.8000, 20, 0),
(10270, 36, 15.2000, 30, 0),
(10270, 43, 36.8000, 25, 0),
(10271, 33, 2.0000, 24, 0),
(10272, 20, 64.8000, 6, 0),
(10272, 31, 10.0000, 40, 0),
(10272, 72, 27.8000, 24, 0),
(10273, 10, 24.8000, 24, 0),
(10273, 31, 10.0000, 15, 0),
(10273, 33, 2.0000, 20, 0),
(10273, 40, 14.7000, 60, 0),
(10273, 76, 14.4000, 33, 0),
(10274, 71, 17.2000, 20, 0),
(10274, 72, 27.8000, 7, 0),
(10275, 24, 3.6000, 12, 0),
(10275, 59, 44.0000, 6, 0),
(10276, 10, 24.8000, 15, 0),
(10276, 13, 4.8000, 10, 0),
(10277, 28, 36.4000, 20, 0),
(10277, 62, 39.4000, 12, 0),
(10278, 44, 15.5000, 16, 0),
(10278, 59, 44.0000, 15, 0),
(10278, 63, 35.1000, 8, 0),
(10278, 73, 12.0000, 25, 0),
(10279, 17, 31.2000, 15, 0),
(10280, 24, 3.6000, 12, 0),
(10280, 55, 19.2000, 20, 0),
(10280, 75, 6.2000, 30, 0),
(10281, 19, 7.3000, 1, 0),
(10281, 24, 3.6000, 6, 0),
(10281, 35, 14.4000, 4, 0),
(10282, 30, 20.7000, 6, 0),
(10282, 57, 15.6000, 2, 0),
(10283, 15, 12.4000, 20, 0),
(10283, 19, 7.3000, 18, 0),
(10283, 60, 27.2000, 35, 0),
(10283, 72, 27.8000, 3, 0),
(10284, 27, 35.1000, 15, 0),
(10284, 44, 15.5000, 21, 0),
(10284, 60, 27.2000, 20, 0),
(10284, 67, 11.2000, 5, 0),
(10285, 1, 14.4000, 45, 0),
(10285, 40, 14.7000, 40, 0),
(10285, 53, 26.2000, 36, 0),
(10286, 35, 14.4000, 100, 0),
(10286, 62, 39.4000, 40, 0),
(10287, 16, 13.9000, 40, 0),
(10287, 34, 11.2000, 20, 0),
(10287, 46, 9.6000, 15, 0),
(10288, 54, 5.9000, 10, 0),
(10288, 68, 10.0000, 3, 0),
(10289, 3, 8.0000, 30, 0),
(10289, 64, 26.6000, 9, 0),
(10290, 5, 17.0000, 20, 0),
(10290, 29, 99.0000, 15, 0),
(10290, 49, 16.0000, 15, 0),
(10290, 77, 10.4000, 10, 0),
(10291, 13, 4.8000, 20, 0),
(10291, 44, 15.5000, 24, 0),
(10291, 51, 42.4000, 2, 0),
(10292, 20, 64.8000, 20, 0),
(10293, 18, 50.0000, 12, 0),
(10293, 24, 3.6000, 10, 0),
(10293, 63, 35.1000, 5, 0),
(10293, 75, 6.2000, 6, 0),
(10294, 1, 14.4000, 18, 0),
(10294, 17, 31.2000, 15, 0),
(10294, 43, 36.8000, 15, 0),
(10294, 60, 27.2000, 21, 0),
(10294, 75, 6.2000, 6, 0),
(10295, 56, 30.4000, 4, 0),
(10296, 11, 16.8000, 12, 0),
(10296, 16, 13.9000, 30, 0),
(10296, 69, 28.8000, 15, 0),
(10297, 39, 14.4000, 60, 0),
(10297, 72, 27.8000, 20, 0),
(10298, 2, 15.2000, 40, 0),
(10298, 36, 15.2000, 40, 0),
(10298, 59, 44.0000, 30, 0),
(10298, 62, 39.4000, 15, 0),
(10299, 19, 7.3000, 15, 0),
(10299, 70, 12.0000, 20, 0),
(10300, 66, 13.6000, 30, 0),
(10300, 68, 10.0000, 20, 0),
(10301, 40, 14.7000, 10, 0),
(10301, 56, 30.4000, 20, 0),
(10302, 17, 31.2000, 40, 0),
(10302, 28, 36.4000, 28, 0),
(10302, 43, 36.8000, 12, 0),
(10303, 40, 14.7000, 40, 0),
(10303, 65, 16.8000, 30, 0),
(10303, 68, 10.0000, 15, 0),
(10304, 49, 16.0000, 30, 0),
(10304, 59, 44.0000, 10, 0),
(10304, 71, 17.2000, 2, 0),
(10305, 18, 50.0000, 25, 0),
(10305, 29, 99.0000, 25, 0),
(10305, 39, 14.4000, 30, 0),
(10306, 30, 20.7000, 10, 0),
(10306, 53, 26.2000, 10, 0),
(10306, 54, 5.9000, 5, 0),
(10307, 62, 39.4000, 10, 0),
(10307, 68, 10.0000, 3, 0),
(10308, 69, 28.8000, 1, 0),
(10308, 70, 12.0000, 5, 0),
(10309, 4, 17.6000, 20, 0),
(10309, 6, 20.0000, 30, 0),
(10309, 42, 11.2000, 2, 0),
(10309, 43, 36.8000, 20, 0),
(10309, 71, 17.2000, 3, 0),
(10310, 16, 13.9000, 10, 0),
(10310, 62, 39.4000, 5, 0),
(10311, 42, 11.2000, 6, 0),
(10311, 69, 28.8000, 7, 0),
(10312, 28, 36.4000, 4, 0),
(10312, 43, 36.8000, 24, 0),
(10312, 53, 26.2000, 20, 0),
(10312, 75, 6.2000, 10, 0),
(10313, 36, 15.2000, 12, 0),
(10314, 32, 25.6000, 40, 0),
(10314, 58, 10.6000, 30, 0),
(10314, 62, 39.4000, 25, 0),
(10315, 34, 11.2000, 14, 0),
(10315, 70, 12.0000, 30, 0),
(10316, 41, 7.7000, 10, 0),
(10316, 62, 39.4000, 70, 0),
(10317, 1, 14.4000, 20, 0),
(10318, 41, 7.7000, 20, 0),
(10318, 76, 14.4000, 6, 0),
(10319, 17, 31.2000, 8, 0),
(10319, 28, 36.4000, 14, 0),
(10319, 76, 14.4000, 30, 0),
(10320, 71, 17.2000, 30, 0),
(10321, 35, 14.4000, 10, 0),
(10322, 52, 5.6000, 20, 0),
(10323, 15, 12.4000, 5, 0),
(10323, 25, 11.2000, 4, 0),
(10323, 39, 14.4000, 4, 0),
(10324, 16, 13.9000, 21, 0),
(10324, 35, 14.4000, 70, 0),
(10324, 46, 9.6000, 30, 0),
(10324, 59, 44.0000, 40, 0),
(10324, 63, 35.1000, 80, 0),
(10325, 6, 20.0000, 6, 0),
(10325, 13, 4.8000, 12, 0),
(10325, 14, 18.6000, 9, 0),
(10325, 31, 10.0000, 4, 0),
(10325, 72, 27.8000, 40, 0),
(10326, 4, 17.6000, 24, 0),
(10326, 57, 15.6000, 16, 0),
(10326, 75, 6.2000, 50, 0),
(10327, 2, 15.2000, 25, 0),
(10327, 11, 16.8000, 50, 0),
(10327, 30, 20.7000, 35, 0),
(10327, 58, 10.6000, 30, 0),
(10328, 59, 44.0000, 9, 0),
(10328, 65, 16.8000, 40, 0),
(10328, 68, 10.0000, 10, 0),
(10329, 19, 7.3000, 10, 0),
(10329, 30, 20.7000, 8, 0),
(10329, 38, 210.8000, 20, 0),
(10329, 56, 30.4000, 12, 0),
(10330, 26, 24.9000, 50, 0),
(10330, 72, 27.8000, 25, 0),
(10331, 54, 5.9000, 15, 0),
(10332, 18, 50.0000, 40, 0),
(10332, 42, 11.2000, 10, 0),
(10332, 47, 7.6000, 16, 0),
(10333, 14, 18.6000, 10, 0),
(10333, 21, 8.0000, 10, 0),
(10333, 71, 17.2000, 40, 0),
(10334, 52, 5.6000, 8, 0),
(10334, 68, 10.0000, 10, 0),
(10335, 2, 15.2000, 7, 0),
(10335, 31, 10.0000, 25, 0),
(10335, 32, 25.6000, 6, 0),
(10335, 51, 42.4000, 48, 0),
(10336, 4, 17.6000, 18, 0),
(10337, 23, 7.2000, 40, 0),
(10337, 26, 24.9000, 24, 0),
(10337, 36, 15.2000, 20, 0),
(10337, 37, 20.8000, 28, 0),
(10337, 72, 27.8000, 25, 0),
(10338, 17, 31.2000, 20, 0),
(10338, 30, 20.7000, 15, 0),
(10339, 4, 17.6000, 10, 0),
(10339, 17, 31.2000, 70, 0),
(10339, 62, 39.4000, 28, 0),
(10340, 18, 50.0000, 20, 0),
(10340, 41, 7.7000, 12, 0),
(10340, 43, 36.8000, 40, 0),
(10341, 33, 2.0000, 8, 0),
(10341, 59, 44.0000, 9, 0),
(10342, 2, 15.2000, 24, 0),
(10342, 31, 10.0000, 56, 0),
(10342, 36, 15.2000, 40, 0),
(10342, 55, 19.2000, 40, 0),
(10343, 64, 26.6000, 50, 0),
(10343, 68, 10.0000, 4, 0),
(10343, 76, 14.4000, 15, 0),
(10344, 4, 17.6000, 35, 0),
(10344, 8, 32.0000, 70, 0),
(10345, 8, 32.0000, 70, 0),
(10345, 19, 7.3000, 80, 0),
(10345, 42, 11.2000, 9, 0),
(10346, 17, 31.2000, 36, 0),
(10346, 56, 30.4000, 20, 0),
(10347, 25, 11.2000, 10, 0),
(10347, 39, 14.4000, 50, 0),
(10347, 40, 14.7000, 4, 0),
(10347, 75, 6.2000, 6, 0),
(10348, 1, 14.4000, 15, 0),
(10348, 23, 7.2000, 25, 0),
(10349, 54, 5.9000, 24, 0),
(10350, 50, 13.0000, 15, 0),
(10350, 69, 28.8000, 18, 0),
(10351, 38, 210.8000, 20, 0),
(10351, 41, 7.7000, 13, 0),
(10351, 44, 15.5000, 77, 0),
(10351, 65, 16.8000, 10, 0),
(10352, 24, 3.6000, 10, 0),
(10352, 54, 5.9000, 20, 0),
(10353, 11, 16.8000, 12, 0),
(10353, 38, 210.8000, 50, 0),
(10354, 1, 14.4000, 12, 0),
(10354, 29, 99.0000, 4, 0),
(10355, 24, 3.6000, 25, 0),
(10355, 57, 15.6000, 25, 0),
(10356, 31, 10.0000, 30, 0),
(10356, 55, 19.2000, 12, 0),
(10356, 69, 28.8000, 20, 0),
(10357, 10, 24.8000, 30, 0),
(10357, 26, 24.9000, 16, 0),
(10357, 60, 27.2000, 8, 0),
(10358, 24, 3.6000, 10, 0),
(10358, 34, 11.2000, 10, 0),
(10358, 36, 15.2000, 20, 0),
(10359, 16, 13.9000, 56, 0),
(10359, 31, 10.0000, 70, 0),
(10359, 60, 27.2000, 80, 0),
(10360, 28, 36.4000, 30, 0),
(10360, 29, 99.0000, 35, 0),
(10360, 38, 210.8000, 10, 0),
(10360, 49, 16.0000, 35, 0),
(10360, 54, 5.9000, 28, 0),
(10361, 39, 14.4000, 54, 0),
(10361, 60, 27.2000, 55, 0),
(10362, 25, 11.2000, 50, 0),
(10362, 51, 42.4000, 20, 0),
(10362, 54, 5.9000, 24, 0),
(10363, 31, 10.0000, 20, 0),
(10363, 75, 6.2000, 12, 0),
(10363, 76, 14.4000, 12, 0),
(10364, 69, 28.8000, 30, 0),
(10364, 71, 17.2000, 5, 0),
(10365, 11, 16.8000, 24, 0),
(10366, 65, 16.8000, 5, 0),
(10366, 77, 10.4000, 5, 0),
(10367, 34, 11.2000, 36, 0),
(10367, 54, 5.9000, 18, 0),
(10367, 65, 16.8000, 15, 0),
(10367, 77, 10.4000, 7, 0),
(10368, 21, 8.0000, 5, 0),
(10368, 28, 36.4000, 13, 0),
(10368, 57, 15.6000, 25, 0),
(10368, 64, 26.6000, 35, 0),
(10369, 29, 99.0000, 20, 0),
(10369, 56, 30.4000, 18, 0),
(10370, 1, 14.4000, 15, 0),
(10370, 64, 26.6000, 30, 0),
(10370, 74, 8.0000, 20, 0),
(10371, 36, 15.2000, 6, 0),
(10372, 20, 64.8000, 12, 0),
(10372, 38, 210.8000, 40, 0),
(10372, 60, 27.2000, 70, 0),
(10372, 72, 27.8000, 42, 0),
(10373, 58, 10.6000, 80, 0),
(10373, 71, 17.2000, 50, 0),
(10374, 31, 10.0000, 30, 0),
(10374, 58, 10.6000, 15, 0),
(10375, 14, 18.6000, 15, 0),
(10375, 54, 5.9000, 10, 0),
(10376, 31, 10.0000, 42, 0),
(10377, 28, 36.4000, 20, 0),
(10377, 39, 14.4000, 20, 0),
(10378, 71, 17.2000, 6, 0),
(10379, 41, 7.7000, 8, 0),
(10379, 63, 35.1000, 16, 0),
(10379, 65, 16.8000, 20, 0),
(10380, 30, 20.7000, 18, 0),
(10380, 53, 26.2000, 20, 0),
(10380, 60, 27.2000, 6, 0),
(10380, 70, 12.0000, 30, 0),
(10381, 74, 8.0000, 14, 0),
(10382, 5, 17.0000, 32, 0),
(10382, 18, 50.0000, 9, 0),
(10382, 29, 99.0000, 14, 0),
(10382, 33, 2.0000, 60, 0),
(10382, 74, 8.0000, 50, 0),
(10383, 13, 4.8000, 20, 0),
(10383, 50, 13.0000, 15, 0),
(10383, 56, 30.4000, 20, 0),
(10384, 20, 64.8000, 28, 0),
(10384, 60, 27.2000, 15, 0),
(10385, 7, 24.0000, 10, 0),
(10385, 60, 27.2000, 20, 0),
(10385, 68, 10.0000, 8, 0),
(10386, 24, 3.6000, 15, 0),
(10386, 34, 11.2000, 10, 0),
(10387, 24, 3.6000, 15, 0),
(10387, 28, 36.4000, 6, 0),
(10387, 59, 44.0000, 12, 0),
(10387, 71, 17.2000, 15, 0),
(10388, 45, 7.6000, 15, 0),
(10388, 52, 5.6000, 20, 0),
(10388, 53, 26.2000, 40, 0),
(10389, 10, 24.8000, 16, 0),
(10389, 55, 19.2000, 15, 0),
(10389, 62, 39.4000, 20, 0),
(10389, 70, 12.0000, 30, 0),
(10390, 31, 10.0000, 60, 0),
(10390, 35, 14.4000, 40, 0),
(10390, 46, 9.6000, 45, 0),
(10390, 72, 27.8000, 24, 0),
(10391, 13, 4.8000, 18, 0),
(10392, 69, 28.8000, 50, 0),
(10393, 2, 15.2000, 25, 0),
(10393, 14, 18.6000, 42, 0),
(10393, 25, 11.2000, 7, 0),
(10393, 26, 24.9000, 70, 0),
(10393, 31, 10.0000, 32, 0),
(10394, 13, 4.8000, 10, 0),
(10394, 62, 39.4000, 10, 0),
(10395, 46, 9.6000, 28, 0),
(10395, 53, 26.2000, 70, 0),
(10395, 69, 28.8000, 8, 0),
(10396, 23, 7.2000, 40, 0),
(10396, 71, 17.2000, 60, 0),
(10396, 72, 27.8000, 21, 0),
(10397, 21, 8.0000, 10, 0),
(10397, 51, 42.4000, 18, 0),
(10398, 35, 14.4000, 30, 0),
(10398, 55, 19.2000, 120, 0),
(10399, 68, 10.0000, 60, 0),
(10399, 71, 17.2000, 30, 0),
(10399, 76, 14.4000, 35, 0),
(10399, 77, 10.4000, 14, 0),
(10400, 29, 99.0000, 21, 0),
(10400, 35, 14.4000, 35, 0),
(10400, 49, 16.0000, 30, 0),
(10401, 30, 20.7000, 18, 0),
(10401, 56, 30.4000, 70, 0),
(10401, 65, 16.8000, 20, 0),
(10401, 71, 17.2000, 60, 0),
(10402, 23, 7.2000, 60, 0),
(10402, 63, 35.1000, 65, 0),
(10403, 16, 13.9000, 21, 0),
(10403, 48, 10.2000, 70, 0),
(10404, 26, 24.9000, 30, 0),
(10404, 42, 11.2000, 40, 0),
(10404, 49, 16.0000, 30, 0),
(10405, 3, 8.0000, 50, 0),
(10406, 1, 14.4000, 10, 0),
(10406, 21, 8.0000, 30, 0),
(10406, 28, 36.4000, 42, 0),
(10406, 36, 15.2000, 5, 0),
(10406, 40, 14.7000, 2, 0),
(10407, 11, 16.8000, 30, 0),
(10407, 69, 28.8000, 15, 0),
(10407, 71, 17.2000, 15, 0),
(10408, 37, 20.8000, 10, 0),
(10408, 54, 5.9000, 6, 0),
(10408, 62, 39.4000, 35, 0),
(10409, 14, 18.6000, 12, 0),
(10409, 21, 8.0000, 12, 0),
(10410, 33, 2.0000, 49, 0),
(10410, 59, 44.0000, 16, 0),
(10411, 41, 7.7000, 25, 0),
(10411, 44, 15.5000, 40, 0),
(10411, 59, 44.0000, 9, 0),
(10412, 14, 18.6000, 20, 0),
(10413, 1, 14.4000, 24, 0),
(10413, 62, 39.4000, 40, 0),
(10413, 76, 14.4000, 14, 0),
(10414, 19, 7.3000, 18, 0),
(10414, 33, 2.0000, 50, 0),
(10415, 17, 31.2000, 2, 0),
(10415, 33, 2.0000, 20, 0),
(10416, 19, 7.3000, 20, 0),
(10416, 53, 26.2000, 10, 0),
(10416, 57, 15.6000, 20, 0),
(10417, 38, 210.8000, 50, 0),
(10417, 46, 9.6000, 2, 0),
(10417, 68, 10.0000, 36, 0),
(10417, 77, 10.4000, 35, 0),
(10418, 2, 15.2000, 60, 0),
(10418, 47, 7.6000, 55, 0),
(10418, 61, 22.8000, 16, 0),
(10418, 74, 8.0000, 15, 0),
(10419, 60, 27.2000, 60, 0),
(10419, 69, 28.8000, 20, 0),
(10420, 9, 77.6000, 20, 0),
(10420, 13, 4.8000, 2, 0),
(10420, 70, 12.0000, 8, 0),
(10420, 73, 12.0000, 20, 0),
(10421, 19, 7.3000, 4, 0),
(10421, 26, 24.9000, 30, 0),
(10421, 53, 26.2000, 15, 0),
(10421, 77, 10.4000, 10, 0),
(10422, 26, 24.9000, 2, 0),
(10423, 31, 10.0000, 14, 0),
(10423, 59, 44.0000, 20, 0),
(10424, 35, 14.4000, 60, 0),
(10424, 38, 210.8000, 49, 0),
(10424, 68, 10.0000, 30, 0),
(10425, 55, 19.2000, 10, 0),
(10425, 76, 14.4000, 20, 0),
(10426, 56, 30.4000, 5, 0),
(10426, 64, 26.6000, 7, 0),
(10427, 14, 18.6000, 35, 0),
(10428, 46, 9.6000, 20, 0),
(10429, 50, 13.0000, 40, 0),
(10429, 63, 35.1000, 35, 0),
(10430, 17, 31.2000, 45, 0),
(10430, 21, 8.0000, 50, 0),
(10430, 56, 30.4000, 30, 0),
(10430, 59, 44.0000, 70, 0),
(10431, 17, 31.2000, 50, 0),
(10431, 40, 14.7000, 50, 0),
(10431, 47, 7.6000, 30, 0),
(10432, 26, 24.9000, 10, 0),
(10432, 54, 5.9000, 40, 0),
(10433, 56, 30.4000, 28, 0),
(10434, 11, 16.8000, 6, 0),
(10434, 76, 14.4000, 18, 0),
(10435, 2, 15.2000, 10, 0),
(10435, 22, 16.8000, 12, 0),
(10435, 72, 27.8000, 10, 0),
(10436, 46, 9.6000, 5, 0),
(10436, 56, 30.4000, 40, 0),
(10436, 64, 26.6000, 30, 0),
(10436, 75, 6.2000, 24, 0),
(10437, 53, 26.2000, 15, 0),
(10438, 19, 7.3000, 15, 0),
(10438, 34, 11.2000, 20, 0),
(10438, 57, 15.6000, 15, 0),
(10439, 12, 30.4000, 15, 0),
(10439, 16, 13.9000, 16, 0),
(10439, 64, 26.6000, 6, 0),
(10439, 74, 8.0000, 30, 0),
(10440, 2, 15.2000, 45, 0),
(10440, 16, 13.9000, 49, 0),
(10440, 29, 99.0000, 24, 0),
(10440, 61, 22.8000, 90, 0),
(10441, 27, 35.1000, 50, 0),
(10442, 11, 16.8000, 30, 0),
(10442, 54, 5.9000, 80, 0),
(10442, 66, 13.6000, 60, 0),
(10443, 11, 16.8000, 6, 0),
(10443, 28, 36.4000, 12, 0),
(10444, 17, 31.2000, 10, 0),
(10444, 26, 24.9000, 15, 0),
(10444, 35, 14.4000, 8, 0),
(10444, 41, 7.7000, 30, 0),
(10445, 39, 14.4000, 6, 0),
(10445, 54, 5.9000, 15, 0),
(10446, 19, 7.3000, 12, 0),
(10446, 24, 3.6000, 20, 0),
(10446, 31, 10.0000, 3, 0),
(10446, 52, 5.6000, 15, 0),
(10447, 19, 7.3000, 40, 0),
(10447, 65, 16.8000, 35, 0),
(10447, 71, 17.2000, 2, 0),
(10448, 26, 24.9000, 6, 0),
(10448, 40, 14.7000, 20, 0),
(10449, 10, 24.8000, 14, 0),
(10449, 52, 5.6000, 20, 0),
(10449, 62, 39.4000, 35, 0),
(10450, 10, 24.8000, 20, 0),
(10450, 54, 5.9000, 6, 0),
(10451, 55, 19.2000, 120, 0),
(10451, 64, 26.6000, 35, 0),
(10451, 65, 16.8000, 28, 0),
(10451, 77, 10.4000, 55, 0),
(10452, 28, 36.4000, 15, 0),
(10452, 44, 15.5000, 100, 0),
(10453, 48, 10.2000, 15, 0),
(10453, 70, 12.0000, 25, 0),
(10454, 16, 13.9000, 20, 0),
(10454, 33, 2.0000, 20, 0),
(10454, 46, 9.6000, 10, 0),
(10455, 39, 14.4000, 20, 0),
(10455, 53, 26.2000, 50, 0),
(10455, 61, 22.8000, 25, 0),
(10455, 71, 17.2000, 30, 0),
(10456, 21, 8.0000, 40, 0),
(10456, 49, 16.0000, 21, 0),
(10457, 59, 44.0000, 36, 0),
(10458, 26, 24.9000, 30, 0),
(10458, 28, 36.4000, 30, 0),
(10458, 43, 36.8000, 20, 0),
(10458, 56, 30.4000, 15, 0),
(10458, 71, 17.2000, 50, 0),
(10459, 7, 24.0000, 16, 0),
(10459, 46, 9.6000, 20, 0),
(10459, 72, 27.8000, 40, 0),
(10460, 68, 10.0000, 21, 0),
(10460, 75, 6.2000, 4, 0),
(10461, 21, 8.0000, 40, 0),
(10461, 30, 20.7000, 28, 0),
(10461, 55, 19.2000, 60, 0),
(10462, 13, 4.8000, 1, 0),
(10462, 23, 7.2000, 21, 0),
(10463, 19, 7.3000, 21, 0),
(10463, 42, 11.2000, 50, 0),
(10464, 4, 17.6000, 16, 0),
(10464, 43, 36.8000, 3, 0),
(10464, 56, 30.4000, 30, 0),
(10464, 60, 27.2000, 20, 0),
(10465, 24, 3.6000, 25, 0),
(10465, 29, 99.0000, 18, 0),
(10465, 40, 14.7000, 20, 0),
(10465, 45, 7.6000, 30, 0),
(10465, 50, 13.0000, 25, 0),
(10466, 11, 16.8000, 10, 0),
(10466, 46, 9.6000, 5, 0),
(10467, 24, 3.6000, 28, 0),
(10467, 25, 11.2000, 12, 0),
(10468, 30, 20.7000, 8, 0),
(10468, 43, 36.8000, 15, 0),
(10469, 2, 15.2000, 40, 0),
(10469, 16, 13.9000, 35, 0),
(10469, 44, 15.5000, 2, 0),
(10470, 18, 50.0000, 30, 0),
(10470, 23, 7.2000, 15, 0),
(10470, 64, 26.6000, 8, 0),
(10471, 7, 24.0000, 30, 0),
(10471, 56, 30.4000, 20, 0),
(10472, 24, 3.6000, 80, 0),
(10472, 51, 42.4000, 18, 0),
(10473, 33, 2.0000, 12, 0),
(10473, 71, 17.2000, 12, 0),
(10474, 14, 18.6000, 12, 0),
(10474, 28, 36.4000, 18, 0),
(10474, 40, 14.7000, 21, 0),
(10474, 75, 6.2000, 10, 0),
(10475, 31, 10.0000, 35, 0),
(10475, 66, 13.6000, 60, 0),
(10475, 76, 14.4000, 42, 0),
(10476, 55, 19.2000, 2, 0),
(10476, 70, 12.0000, 12, 0),
(10477, 1, 14.4000, 15, 0),
(10477, 21, 8.0000, 21, 0),
(10477, 39, 14.4000, 20, 0),
(10478, 10, 24.8000, 20, 0),
(10479, 38, 210.8000, 30, 0),
(10479, 53, 26.2000, 28, 0),
(10479, 59, 44.0000, 60, 0),
(10479, 64, 26.6000, 30, 0),
(10480, 47, 7.6000, 30, 0),
(10480, 59, 44.0000, 12, 0),
(10481, 49, 16.0000, 24, 0),
(10481, 60, 27.2000, 40, 0),
(10482, 40, 14.7000, 10, 0),
(10483, 34, 11.2000, 35, 0),
(10483, 77, 10.4000, 30, 0),
(10484, 21, 8.0000, 14, 0),
(10484, 40, 14.7000, 10, 0),
(10484, 51, 42.4000, 3, 0),
(10485, 2, 15.2000, 20, 0),
(10485, 3, 8.0000, 20, 0),
(10485, 55, 19.2000, 30, 0),
(10485, 70, 12.0000, 60, 0),
(10486, 11, 16.8000, 5, 0),
(10486, 51, 42.4000, 25, 0),
(10486, 74, 8.0000, 16, 0),
(10487, 19, 7.3000, 5, 0),
(10487, 26, 24.9000, 30, 0),
(10487, 54, 5.9000, 24, 0),
(10488, 59, 44.0000, 30, 0),
(10488, 73, 12.0000, 20, 0),
(10489, 11, 16.8000, 15, 0),
(10489, 16, 13.9000, 18, 0),
(10490, 59, 44.0000, 60, 0),
(10490, 68, 10.0000, 30, 0),
(10490, 75, 6.2000, 36, 0),
(10491, 44, 15.5000, 15, 0),
(10491, 77, 10.4000, 7, 0),
(10492, 25, 11.2000, 60, 0),
(10492, 42, 11.2000, 20, 0),
(10493, 65, 16.8000, 15, 0),
(10493, 66, 13.6000, 10, 0),
(10493, 69, 28.8000, 10, 0),
(10494, 56, 30.4000, 30, 0),
(10495, 23, 7.2000, 10, 0),
(10495, 41, 7.7000, 20, 0),
(10495, 77, 10.4000, 5, 0),
(10496, 31, 10.0000, 20, 0),
(10497, 56, 30.4000, 14, 0),
(10497, 72, 27.8000, 25, 0),
(10497, 77, 10.4000, 25, 0),
(10498, 24, 4.5000, 14, 0),
(10498, 40, 18.4000, 5, 0),
(10498, 42, 14.0000, 30, 0),
(10499, 28, 45.6000, 20, 0),
(10499, 49, 20.0000, 25, 0),
(10500, 15, 15.5000, 12, 0),
(10500, 28, 45.6000, 8, 0),
(10501, 54, 7.4500, 20, 0),
(10502, 45, 9.5000, 21, 0),
(10502, 53, 32.8000, 6, 0),
(10502, 67, 14.0000, 30, 0),
(10503, 14, 23.2500, 70, 0),
(10503, 65, 21.0500, 20, 0),
(10504, 2, 19.0000, 12, 0),
(10504, 21, 10.0000, 12, 0),
(10504, 53, 32.8000, 10, 0),
(10504, 61, 28.5000, 25, 0),
(10505, 62, 49.3000, 3, 0),
(10506, 25, 14.0000, 18, 0),
(10506, 70, 15.0000, 14, 0),
(10507, 43, 46.0000, 15, 0),
(10507, 48, 12.7500, 15, 0),
(10508, 13, 6.0000, 10, 0),
(10508, 39, 18.0000, 10, 0),
(10509, 28, 45.6000, 3, 0),
(10510, 29, 123.7900, 36, 0),
(10510, 75, 7.7500, 36, 0),
(10511, 4, 22.0000, 50, 0),
(10511, 7, 30.0000, 50, 0),
(10511, 8, 40.0000, 10, 0),
(10512, 24, 4.5000, 10, 0),
(10512, 46, 12.0000, 9, 0),
(10512, 47, 9.5000, 6, 0),
(10512, 60, 34.0000, 12, 0),
(10513, 21, 10.0000, 40, 0),
(10513, 32, 32.0000, 50, 0),
(10513, 61, 28.5000, 15, 0),
(10514, 20, 81.0000, 39, 0),
(10514, 28, 45.6000, 35, 0),
(10514, 56, 38.0000, 70, 0),
(10514, 65, 21.0500, 39, 0),
(10514, 75, 7.7500, 50, 0),
(10515, 9, 97.0000, 16, 0),
(10515, 16, 17.4500, 50, 0),
(10515, 27, 43.9000, 120, 0),
(10515, 33, 2.5000, 16, 0),
(10515, 60, 34.0000, 84, 0),
(10516, 18, 62.5000, 25, 0),
(10516, 41, 9.6500, 80, 0),
(10516, 42, 14.0000, 20, 0),
(10517, 52, 7.0000, 6, 0),
(10517, 59, 55.0000, 4, 0),
(10517, 70, 15.0000, 6, 0),
(10518, 24, 4.5000, 5, 0),
(10518, 38, 263.5000, 15, 0),
(10518, 44, 19.4500, 9, 0),
(10519, 10, 31.0000, 16, 0),
(10519, 56, 38.0000, 40, 0),
(10519, 60, 34.0000, 10, 0),
(10520, 24, 4.5000, 8, 0),
(10520, 53, 32.8000, 5, 0),
(10521, 35, 18.0000, 3, 0),
(10521, 41, 9.6500, 10, 0),
(10521, 68, 12.5000, 6, 0),
(10522, 1, 18.0000, 40, 0),
(10522, 8, 40.0000, 24, 0),
(10522, 30, 25.8900, 20, 0),
(10522, 40, 18.4000, 25, 0),
(10523, 17, 39.0000, 25, 0),
(10523, 20, 81.0000, 15, 0),
(10523, 37, 26.0000, 18, 0),
(10523, 41, 9.6500, 6, 0),
(10524, 10, 31.0000, 2, 0),
(10524, 30, 25.8900, 10, 0),
(10524, 43, 46.0000, 60, 0),
(10524, 54, 7.4500, 15, 0),
(10525, 36, 19.0000, 30, 0),
(10525, 40, 18.4000, 15, 0),
(10526, 1, 18.0000, 8, 0),
(10526, 13, 6.0000, 10, 0),
(10526, 56, 38.0000, 30, 0),
(10527, 4, 22.0000, 50, 0),
(10527, 36, 19.0000, 30, 0),
(10528, 11, 21.0000, 3, 0),
(10528, 33, 2.5000, 8, 0),
(10528, 72, 34.8000, 9, 0),
(10529, 55, 24.0000, 14, 0),
(10529, 68, 12.5000, 20, 0),
(10529, 69, 36.0000, 10, 0),
(10530, 17, 39.0000, 40, 0),
(10530, 43, 46.0000, 25, 0),
(10530, 61, 28.5000, 20, 0),
(10530, 76, 18.0000, 50, 0),
(10531, 59, 55.0000, 2, 0),
(10532, 30, 25.8900, 15, 0),
(10532, 66, 17.0000, 24, 0),
(10533, 4, 22.0000, 50, 0),
(10533, 72, 34.8000, 24, 0),
(10533, 73, 15.0000, 24, 0),
(10534, 30, 25.8900, 10, 0),
(10534, 40, 18.4000, 10, 0),
(10534, 54, 7.4500, 10, 0),
(10535, 11, 21.0000, 50, 0),
(10535, 40, 18.4000, 10, 0),
(10535, 57, 19.5000, 5, 0),
(10535, 59, 55.0000, 15, 0),
(10536, 12, 38.0000, 15, 0),
(10536, 31, 12.5000, 20, 0),
(10536, 33, 2.5000, 30, 0),
(10536, 60, 34.0000, 35, 0),
(10537, 31, 12.5000, 30, 0),
(10537, 51, 53.0000, 6, 0),
(10537, 58, 13.2500, 20, 0),
(10537, 72, 34.8000, 21, 0),
(10537, 73, 15.0000, 9, 0),
(10538, 70, 15.0000, 7, 0),
(10538, 72, 34.8000, 1, 0),
(10539, 13, 6.0000, 8, 0),
(10539, 21, 10.0000, 15, 0),
(10539, 33, 2.5000, 15, 0),
(10539, 49, 20.0000, 6, 0),
(10540, 3, 10.0000, 60, 0),
(10540, 26, 31.2300, 40, 0),
(10540, 38, 263.5000, 30, 0),
(10540, 68, 12.5000, 35, 0),
(10541, 24, 4.5000, 35, 0),
(10541, 38, 263.5000, 4, 0),
(10541, 65, 21.0500, 36, 0),
(10541, 71, 21.5000, 9, 0),
(10542, 11, 21.0000, 15, 0),
(10542, 54, 7.4500, 24, 0),
(10543, 12, 38.0000, 30, 0),
(10543, 23, 9.0000, 70, 0),
(10544, 28, 45.6000, 7, 0),
(10544, 67, 14.0000, 7, 0),
(10545, 11, 21.0000, 10, 0),
(10546, 7, 30.0000, 10, 0),
(10546, 35, 18.0000, 30, 0),
(10546, 62, 49.3000, 40, 0),
(10547, 32, 32.0000, 24, 0),
(10547, 36, 19.0000, 60, 0),
(10548, 34, 14.0000, 10, 0),
(10548, 41, 9.6500, 14, 0),
(10549, 31, 12.5000, 55, 0),
(10549, 45, 9.5000, 100, 0),
(10549, 51, 53.0000, 48, 0),
(10550, 17, 39.0000, 8, 0),
(10550, 19, 9.2000, 10, 0),
(10550, 21, 10.0000, 6, 0),
(10550, 61, 28.5000, 10, 0),
(10551, 16, 17.4500, 40, 0),
(10551, 35, 18.0000, 20, 0),
(10551, 44, 19.4500, 40, 0),
(10552, 69, 36.0000, 18, 0),
(10552, 75, 7.7500, 30, 0),
(10553, 11, 21.0000, 15, 0),
(10553, 16, 17.4500, 14, 0),
(10553, 22, 21.0000, 24, 0),
(10553, 31, 12.5000, 30, 0),
(10553, 35, 18.0000, 6, 0),
(10554, 16, 17.4500, 30, 0),
(10554, 23, 9.0000, 20, 0),
(10554, 62, 49.3000, 20, 0),
(10554, 77, 13.0000, 10, 0),
(10555, 14, 23.2500, 30, 0),
(10555, 19, 9.2000, 35, 0),
(10555, 24, 4.5000, 18, 0),
(10555, 51, 53.0000, 20, 0),
(10555, 56, 38.0000, 40, 0),
(10556, 72, 34.8000, 24, 0),
(10557, 64, 33.2500, 30, 0),
(10557, 75, 7.7500, 20, 0),
(10558, 47, 9.5000, 25, 0),
(10558, 51, 53.0000, 20, 0),
(10558, 52, 7.0000, 30, 0),
(10558, 53, 32.8000, 18, 0),
(10558, 73, 15.0000, 3, 0),
(10559, 41, 9.6500, 12, 0),
(10559, 55, 24.0000, 18, 0),
(10560, 30, 25.8900, 20, 0),
(10560, 62, 49.3000, 15, 0),
(10561, 44, 19.4500, 10, 0),
(10561, 51, 53.0000, 50, 0),
(10562, 33, 2.5000, 20, 0),
(10562, 62, 49.3000, 10, 0),
(10563, 36, 19.0000, 25, 0),
(10563, 52, 7.0000, 70, 0),
(10564, 17, 39.0000, 16, 0),
(10564, 31, 12.5000, 6, 0),
(10564, 55, 24.0000, 25, 0),
(10565, 24, 4.5000, 25, 0),
(10565, 64, 33.2500, 18, 0),
(10566, 11, 21.0000, 35, 0),
(10566, 18, 62.5000, 18, 0),
(10566, 76, 18.0000, 10, 0),
(10567, 31, 12.5000, 60, 0),
(10567, 51, 53.0000, 3, 0),
(10567, 59, 55.0000, 40, 0),
(10568, 10, 31.0000, 5, 0),
(10569, 31, 12.5000, 35, 0),
(10569, 76, 18.0000, 30, 0),
(10570, 11, 21.0000, 15, 0),
(10570, 56, 38.0000, 60, 0),
(10571, 14, 23.2500, 11, 0),
(10571, 42, 14.0000, 28, 0),
(10572, 16, 17.4500, 12, 0),
(10572, 32, 32.0000, 10, 0),
(10572, 40, 18.4000, 50, 0),
(10572, 75, 7.7500, 15, 0),
(10573, 17, 39.0000, 18, 0),
(10573, 34, 14.0000, 40, 0),
(10573, 53, 32.8000, 25, 0),
(10574, 33, 2.5000, 14, 0),
(10574, 40, 18.4000, 2, 0),
(10574, 62, 49.3000, 10, 0),
(10574, 64, 33.2500, 6, 0),
(10575, 59, 55.0000, 12, 0),
(10575, 63, 43.9000, 6, 0),
(10575, 72, 34.8000, 30, 0),
(10575, 76, 18.0000, 10, 0),
(10576, 1, 18.0000, 10, 0),
(10576, 31, 12.5000, 20, 0),
(10576, 44, 19.4500, 21, 0),
(10577, 39, 18.0000, 10, 0),
(10577, 75, 7.7500, 20, 0),
(10577, 77, 13.0000, 18, 0),
(10578, 35, 18.0000, 20, 0),
(10578, 57, 19.5000, 6, 0),
(10579, 15, 15.5000, 10, 0),
(10579, 75, 7.7500, 21, 0),
(10580, 14, 23.2500, 15, 0),
(10580, 41, 9.6500, 9, 0),
(10580, 65, 21.0500, 30, 0),
(10581, 75, 7.7500, 50, 0),
(10582, 57, 19.5000, 4, 0),
(10582, 76, 18.0000, 14, 0),
(10583, 29, 123.7900, 10, 0),
(10583, 60, 34.0000, 24, 0),
(10583, 69, 36.0000, 10, 0),
(10584, 31, 12.5000, 50, 0),
(10585, 47, 9.5000, 15, 0),
(10586, 52, 7.0000, 4, 0),
(10587, 26, 31.2300, 6, 0),
(10587, 35, 18.0000, 20, 0),
(10587, 77, 13.0000, 20, 0),
(10588, 18, 62.5000, 40, 0),
(10588, 42, 14.0000, 100, 0),
(10589, 35, 18.0000, 4, 0),
(10590, 1, 18.0000, 20, 0),
(10590, 77, 13.0000, 60, 0),
(10591, 3, 10.0000, 14, 0),
(10591, 7, 30.0000, 10, 0),
(10591, 54, 7.4500, 50, 0),
(10592, 15, 15.5000, 25, 0),
(10592, 26, 31.2300, 5, 0),
(10593, 20, 81.0000, 21, 0),
(10593, 69, 36.0000, 20, 0),
(10593, 76, 18.0000, 4, 0),
(10594, 52, 7.0000, 24, 0),
(10594, 58, 13.2500, 30, 0),
(10595, 35, 18.0000, 30, 0),
(10595, 61, 28.5000, 120, 0),
(10595, 69, 36.0000, 65, 0),
(10596, 56, 38.0000, 5, 0),
(10596, 63, 43.9000, 24, 0),
(10596, 75, 7.7500, 30, 0),
(10597, 24, 4.5000, 35, 0),
(10597, 57, 19.5000, 20, 0),
(10597, 65, 21.0500, 12, 0),
(10598, 27, 43.9000, 50, 0),
(10598, 71, 21.5000, 9, 0),
(10599, 62, 49.3000, 10, 0),
(10600, 54, 7.4500, 4, 0),
(10600, 73, 15.0000, 30, 0),
(10601, 13, 6.0000, 60, 0),
(10601, 59, 55.0000, 35, 0),
(10602, 77, 13.0000, 5, 0),
(10603, 22, 21.0000, 48, 0),
(10603, 49, 20.0000, 25, 0),
(10604, 48, 12.7500, 6, 0),
(10604, 76, 18.0000, 10, 0),
(10605, 16, 17.4500, 30, 0),
(10605, 59, 55.0000, 20, 0),
(10605, 60, 34.0000, 70, 0),
(10605, 71, 21.5000, 15, 0),
(10606, 4, 22.0000, 20, 0),
(10606, 55, 24.0000, 20, 0),
(10606, 62, 49.3000, 10, 0),
(10607, 7, 30.0000, 45, 0),
(10607, 17, 39.0000, 100, 0),
(10607, 33, 2.5000, 14, 0),
(10607, 40, 18.4000, 42, 0),
(10607, 72, 34.8000, 12, 0),
(10608, 56, 38.0000, 28, 0),
(10609, 1, 18.0000, 3, 0),
(10609, 10, 31.0000, 10, 0),
(10609, 21, 10.0000, 6, 0),
(10610, 36, 19.0000, 21, 0),
(10611, 1, 18.0000, 6, 0),
(10611, 2, 19.0000, 10, 0),
(10611, 60, 34.0000, 15, 0),
(10612, 10, 31.0000, 70, 0),
(10612, 36, 19.0000, 55, 0),
(10612, 49, 20.0000, 18, 0),
(10612, 60, 34.0000, 40, 0),
(10612, 76, 18.0000, 80, 0),
(10613, 13, 6.0000, 8, 0),
(10613, 75, 7.7500, 40, 0),
(10614, 11, 21.0000, 14, 0),
(10614, 21, 10.0000, 8, 0),
(10614, 39, 18.0000, 5, 0),
(10615, 55, 24.0000, 5, 0),
(10616, 38, 263.5000, 15, 0),
(10616, 56, 38.0000, 14, 0),
(10616, 70, 15.0000, 15, 0),
(10616, 71, 21.5000, 15, 0),
(10617, 59, 55.0000, 30, 0),
(10618, 6, 25.0000, 70, 0),
(10618, 56, 38.0000, 20, 0),
(10618, 68, 12.5000, 15, 0),
(10619, 21, 10.0000, 42, 0),
(10619, 22, 21.0000, 40, 0),
(10620, 24, 4.5000, 5, 0),
(10620, 52, 7.0000, 5, 0),
(10621, 19, 9.2000, 5, 0),
(10621, 23, 9.0000, 10, 0),
(10621, 70, 15.0000, 20, 0),
(10621, 71, 21.5000, 15, 0),
(10622, 2, 19.0000, 20, 0),
(10622, 68, 12.5000, 18, 0),
(10623, 14, 23.2500, 21, 0),
(10623, 19, 9.2000, 15, 0),
(10623, 21, 10.0000, 25, 0),
(10623, 24, 4.5000, 3, 0),
(10623, 35, 18.0000, 30, 0),
(10624, 28, 45.6000, 10, 0),
(10624, 29, 123.7900, 6, 0),
(10624, 44, 19.4500, 10, 0),
(10625, 14, 23.2500, 3, 0),
(10625, 42, 14.0000, 5, 0),
(10625, 60, 34.0000, 10, 0),
(10626, 53, 32.8000, 12, 0),
(10626, 60, 34.0000, 20, 0),
(10626, 71, 21.5000, 20, 0),
(10627, 62, 49.3000, 15, 0),
(10627, 73, 15.0000, 35, 0),
(10628, 1, 18.0000, 25, 0),
(10629, 29, 123.7900, 20, 0),
(10629, 64, 33.2500, 9, 0),
(10630, 55, 24.0000, 12, 0),
(10630, 76, 18.0000, 35, 0),
(10631, 75, 7.7500, 8, 0),
(10632, 2, 19.0000, 30, 0),
(10632, 33, 2.5000, 20, 0),
(10633, 12, 38.0000, 36, 0),
(10633, 13, 6.0000, 13, 0),
(10633, 26, 31.2300, 35, 0),
(10633, 62, 49.3000, 80, 0),
(10634, 7, 30.0000, 35, 0),
(10634, 18, 62.5000, 50, 0),
(10634, 51, 53.0000, 15, 0),
(10634, 75, 7.7500, 2, 0),
(10635, 4, 22.0000, 10, 0),
(10635, 5, 21.3500, 15, 0),
(10635, 22, 21.0000, 40, 0),
(10636, 4, 22.0000, 25, 0),
(10636, 58, 13.2500, 6, 0),
(10637, 11, 21.0000, 10, 0),
(10637, 50, 16.2500, 25, 0),
(10637, 56, 38.0000, 60, 0),
(10638, 45, 9.5000, 20, 0),
(10638, 65, 21.0500, 21, 0),
(10638, 72, 34.8000, 60, 0),
(10639, 18, 62.5000, 8, 0),
(10640, 69, 36.0000, 20, 0),
(10640, 70, 15.0000, 15, 0),
(10641, 2, 19.0000, 50, 0),
(10641, 40, 18.4000, 60, 0),
(10642, 21, 10.0000, 30, 0),
(10642, 61, 28.5000, 20, 0),
(10643, 28, 45.6000, 15, 0),
(10643, 39, 18.0000, 21, 0),
(10643, 46, 12.0000, 2, 0),
(10644, 18, 62.5000, 4, 0),
(10644, 43, 46.0000, 20, 0),
(10644, 46, 12.0000, 21, 0),
(10645, 18, 62.5000, 20, 0),
(10645, 36, 19.0000, 15, 0),
(10646, 1, 18.0000, 15, 0),
(10646, 10, 31.0000, 18, 0),
(10646, 71, 21.5000, 30, 0),
(10646, 77, 13.0000, 35, 0),
(10647, 19, 9.2000, 30, 0),
(10647, 39, 18.0000, 20, 0),
(10648, 22, 21.0000, 15, 0),
(10648, 24, 4.5000, 15, 0),
(10649, 28, 45.6000, 20, 0),
(10649, 72, 34.8000, 15, 0),
(10650, 30, 25.8900, 30, 0),
(10650, 53, 32.8000, 25, 0),
(10650, 54, 7.4500, 30, 0),
(10651, 19, 9.2000, 12, 0),
(10651, 22, 21.0000, 20, 0),
(10652, 30, 25.8900, 2, 0),
(10652, 42, 14.0000, 20, 0),
(10653, 16, 17.4500, 30, 0),
(10653, 60, 34.0000, 20, 0),
(10654, 4, 22.0000, 12, 0),
(10654, 39, 18.0000, 20, 0),
(10654, 54, 7.4500, 6, 0),
(10655, 41, 9.6500, 20, 0),
(10656, 14, 23.2500, 3, 0),
(10656, 44, 19.4500, 28, 0),
(10656, 47, 9.5000, 6, 0),
(10657, 15, 15.5000, 50, 0),
(10657, 41, 9.6500, 24, 0),
(10657, 46, 12.0000, 45, 0),
(10657, 47, 9.5000, 10, 0),
(10657, 56, 38.0000, 45, 0),
(10657, 60, 34.0000, 30, 0),
(10658, 21, 10.0000, 60, 0),
(10658, 40, 18.4000, 70, 0),
(10658, 60, 34.0000, 55, 0),
(10658, 77, 13.0000, 70, 0),
(10659, 31, 12.5000, 20, 0),
(10659, 40, 18.4000, 24, 0),
(10659, 70, 15.0000, 40, 0),
(10660, 20, 81.0000, 21, 0),
(10661, 39, 18.0000, 3, 0),
(10661, 58, 13.2500, 49, 0),
(10662, 68, 12.5000, 10, 0),
(10663, 40, 18.4000, 30, 0),
(10663, 42, 14.0000, 30, 0),
(10663, 51, 53.0000, 20, 0),
(10664, 10, 31.0000, 24, 0),
(10664, 56, 38.0000, 12, 0),
(10664, 65, 21.0500, 15, 0),
(10665, 51, 53.0000, 20, 0),
(10665, 59, 55.0000, 1, 0),
(10665, 76, 18.0000, 10, 0),
(10666, 29, 123.7900, 36, 0),
(10666, 65, 21.0500, 10, 0),
(10667, 69, 36.0000, 45, 0),
(10667, 71, 21.5000, 14, 0),
(10668, 31, 12.5000, 8, 0),
(10668, 55, 24.0000, 4, 0),
(10668, 64, 33.2500, 15, 0),
(10669, 36, 19.0000, 30, 0),
(10670, 23, 9.0000, 32, 0),
(10670, 46, 12.0000, 60, 0),
(10670, 67, 14.0000, 25, 0),
(10670, 73, 15.0000, 50, 0),
(10670, 75, 7.7500, 25, 0),
(10671, 16, 17.4500, 10, 0),
(10671, 62, 49.3000, 10, 0),
(10671, 65, 21.0500, 12, 0),
(10672, 38, 263.5000, 15, 0),
(10672, 71, 21.5000, 12, 0),
(10673, 16, 17.4500, 3, 0),
(10673, 42, 14.0000, 6, 0),
(10673, 43, 46.0000, 6, 0),
(10674, 23, 9.0000, 5, 0),
(10675, 14, 23.2500, 30, 0),
(10675, 53, 32.8000, 10, 0),
(10675, 58, 13.2500, 30, 0),
(10676, 10, 31.0000, 2, 0),
(10676, 19, 9.2000, 7, 0),
(10676, 44, 19.4500, 21, 0),
(10677, 26, 31.2300, 30, 0),
(10677, 33, 2.5000, 8, 0),
(10678, 12, 38.0000, 100, 0),
(10678, 33, 2.5000, 30, 0),
(10678, 41, 9.6500, 120, 0),
(10678, 54, 7.4500, 30, 0),
(10679, 59, 55.0000, 12, 0),
(10680, 16, 17.4500, 50, 0),
(10680, 31, 12.5000, 20, 0),
(10680, 42, 14.0000, 40, 0),
(10681, 19, 9.2000, 30, 0),
(10681, 21, 10.0000, 12, 0),
(10681, 64, 33.2500, 28, 0),
(10682, 33, 2.5000, 30, 0),
(10682, 66, 17.0000, 4, 0),
(10682, 75, 7.7500, 30, 0),
(10683, 52, 7.0000, 9, 0),
(10684, 40, 18.4000, 20, 0),
(10684, 47, 9.5000, 40, 0),
(10684, 60, 34.0000, 30, 0),
(10685, 10, 31.0000, 20, 0),
(10685, 41, 9.6500, 4, 0),
(10685, 47, 9.5000, 15, 0),
(10686, 17, 39.0000, 30, 0),
(10686, 26, 31.2300, 15, 0),
(10687, 9, 97.0000, 50, 0),
(10687, 29, 123.7900, 10, 0),
(10687, 36, 19.0000, 6, 0),
(10688, 10, 31.0000, 18, 0),
(10688, 28, 45.6000, 60, 0),
(10688, 34, 14.0000, 14, 0),
(10689, 1, 18.0000, 35, 0),
(10690, 56, 38.0000, 20, 0),
(10690, 77, 13.0000, 30, 0),
(10691, 1, 18.0000, 30, 0),
(10691, 29, 123.7900, 40, 0),
(10691, 43, 46.0000, 40, 0),
(10691, 44, 19.4500, 24, 0),
(10691, 62, 49.3000, 48, 0),
(10692, 63, 43.9000, 20, 0),
(10693, 9, 97.0000, 6, 0),
(10693, 54, 7.4500, 60, 0),
(10693, 69, 36.0000, 30, 0),
(10693, 73, 15.0000, 15, 0),
(10694, 7, 30.0000, 90, 0),
(10694, 59, 55.0000, 25, 0),
(10694, 70, 15.0000, 50, 0),
(10695, 8, 40.0000, 10, 0),
(10695, 12, 38.0000, 4, 0),
(10695, 24, 4.5000, 20, 0),
(10696, 17, 39.0000, 20, 0),
(10696, 46, 12.0000, 18, 0),
(10697, 19, 9.2000, 7, 0),
(10697, 35, 18.0000, 9, 0),
(10697, 58, 13.2500, 30, 0),
(10697, 70, 15.0000, 30, 0),
(10698, 11, 21.0000, 15, 0),
(10698, 17, 39.0000, 8, 0),
(10698, 29, 123.7900, 12, 0),
(10698, 65, 21.0500, 65, 0),
(10698, 70, 15.0000, 8, 0),
(10699, 47, 9.5000, 12, 0),
(10700, 1, 18.0000, 5, 0),
(10700, 34, 14.0000, 12, 0),
(10700, 68, 12.5000, 40, 0),
(10700, 71, 21.5000, 60, 0),
(10701, 59, 55.0000, 42, 0),
(10701, 71, 21.5000, 20, 0),
(10701, 76, 18.0000, 35, 0),
(10702, 3, 10.0000, 6, 0),
(10702, 76, 18.0000, 15, 0),
(10703, 2, 19.0000, 5, 0),
(10703, 59, 55.0000, 35, 0),
(10703, 73, 15.0000, 35, 0),
(10704, 4, 22.0000, 6, 0),
(10704, 24, 4.5000, 35, 0),
(10704, 48, 12.7500, 24, 0),
(10705, 31, 12.5000, 20, 0),
(10705, 32, 32.0000, 4, 0),
(10706, 16, 17.4500, 20, 0),
(10706, 43, 46.0000, 24, 0),
(10706, 59, 55.0000, 8, 0),
(10707, 55, 24.0000, 21, 0),
(10707, 57, 19.5000, 40, 0),
(10707, 70, 15.0000, 28, 0),
(10708, 5, 21.3500, 4, 0),
(10708, 36, 19.0000, 5, 0),
(10709, 8, 40.0000, 40, 0),
(10709, 51, 53.0000, 28, 0),
(10709, 60, 34.0000, 10, 0),
(10710, 19, 9.2000, 5, 0),
(10710, 47, 9.5000, 5, 0),
(10711, 19, 9.2000, 12, 0),
(10711, 41, 9.6500, 42, 0),
(10711, 53, 32.8000, 120, 0),
(10712, 53, 32.8000, 3, 0),
(10712, 56, 38.0000, 30, 0),
(10713, 10, 31.0000, 18, 0),
(10713, 26, 31.2300, 30, 0),
(10713, 45, 9.5000, 110, 0),
(10713, 46, 12.0000, 24, 0),
(10714, 2, 19.0000, 30, 0),
(10714, 17, 39.0000, 27, 0),
(10714, 47, 9.5000, 50, 0),
(10714, 56, 38.0000, 18, 0),
(10714, 58, 13.2500, 12, 0),
(10715, 10, 31.0000, 21, 0),
(10715, 71, 21.5000, 30, 0),
(10716, 21, 10.0000, 5, 0),
(10716, 51, 53.0000, 7, 0),
(10716, 61, 28.5000, 10, 0),
(10717, 21, 10.0000, 32, 0),
(10717, 54, 7.4500, 15, 0),
(10717, 69, 36.0000, 25, 0),
(10718, 12, 38.0000, 36, 0),
(10718, 16, 17.4500, 20, 0),
(10718, 36, 19.0000, 40, 0),
(10718, 62, 49.3000, 20, 0),
(10719, 18, 62.5000, 12, 0),
(10719, 30, 25.8900, 3, 0),
(10719, 54, 7.4500, 40, 0),
(10720, 35, 18.0000, 21, 0),
(10720, 71, 21.5000, 8, 0),
(10721, 44, 19.4500, 50, 0),
(10722, 2, 19.0000, 3, 0),
(10722, 31, 12.5000, 50, 0),
(10722, 68, 12.5000, 45, 0),
(10722, 75, 7.7500, 42, 0),
(10723, 26, 31.2300, 15, 0),
(10724, 10, 31.0000, 16, 0),
(10724, 61, 28.5000, 5, 0),
(10725, 41, 9.6500, 12, 0),
(10725, 52, 7.0000, 4, 0),
(10725, 55, 24.0000, 6, 0),
(10726, 4, 22.0000, 25, 0),
(10726, 11, 21.0000, 5, 0),
(10727, 17, 39.0000, 20, 0),
(10727, 56, 38.0000, 10, 0),
(10727, 59, 55.0000, 10, 0),
(10728, 30, 25.8900, 15, 0),
(10728, 40, 18.4000, 6, 0),
(10728, 55, 24.0000, 12, 0),
(10728, 60, 34.0000, 15, 0),
(10729, 1, 18.0000, 50, 0),
(10729, 21, 10.0000, 30, 0),
(10729, 50, 16.2500, 40, 0),
(10730, 16, 17.4500, 15, 0),
(10730, 31, 12.5000, 3, 0),
(10730, 65, 21.0500, 10, 0),
(10731, 21, 10.0000, 40, 0),
(10731, 51, 53.0000, 30, 0),
(10732, 76, 18.0000, 20, 0),
(10733, 14, 23.2500, 16, 0),
(10733, 28, 45.6000, 20, 0),
(10733, 52, 7.0000, 25, 0),
(10734, 6, 25.0000, 30, 0),
(10734, 30, 25.8900, 15, 0),
(10734, 76, 18.0000, 20, 0),
(10735, 61, 28.5000, 20, 0),
(10735, 77, 13.0000, 2, 0),
(10736, 65, 21.0500, 40, 0),
(10736, 75, 7.7500, 20, 0),
(10737, 13, 6.0000, 4, 0),
(10737, 41, 9.6500, 12, 0),
(10738, 16, 17.4500, 3, 0),
(10739, 36, 19.0000, 6, 0),
(10739, 52, 7.0000, 18, 0),
(10740, 28, 45.6000, 5, 0),
(10740, 35, 18.0000, 35, 0),
(10740, 45, 9.5000, 40, 0),
(10740, 56, 38.0000, 14, 0),
(10741, 2, 19.0000, 15, 0),
(10742, 3, 10.0000, 20, 0),
(10742, 60, 34.0000, 50, 0),
(10742, 72, 34.8000, 35, 0),
(10743, 46, 12.0000, 28, 0),
(10744, 40, 18.4000, 50, 0),
(10745, 18, 62.5000, 24, 0),
(10745, 44, 19.4500, 16, 0),
(10745, 59, 55.0000, 45, 0),
(10745, 72, 34.8000, 7, 0),
(10746, 13, 6.0000, 6, 0),
(10746, 42, 14.0000, 28, 0),
(10746, 62, 49.3000, 9, 0),
(10746, 69, 36.0000, 40, 0),
(10747, 31, 12.5000, 8, 0),
(10747, 41, 9.6500, 35, 0),
(10747, 63, 43.9000, 9, 0),
(10747, 69, 36.0000, 30, 0),
(10748, 23, 9.0000, 44, 0),
(10748, 40, 18.4000, 40, 0),
(10748, 56, 38.0000, 28, 0),
(10749, 56, 38.0000, 15, 0),
(10749, 59, 55.0000, 6, 0),
(10749, 76, 18.0000, 10, 0),
(10750, 14, 23.2500, 5, 0),
(10750, 45, 9.5000, 40, 0),
(10750, 59, 55.0000, 25, 0),
(10751, 26, 31.2300, 12, 0),
(10751, 30, 25.8900, 30, 0),
(10751, 50, 16.2500, 20, 0),
(10751, 73, 15.0000, 15, 0),
(10752, 1, 18.0000, 8, 0),
(10752, 69, 36.0000, 3, 0),
(10753, 45, 9.5000, 4, 0),
(10753, 74, 10.0000, 5, 0),
(10754, 40, 18.4000, 3, 0),
(10755, 47, 9.5000, 30, 0),
(10755, 56, 38.0000, 30, 0),
(10755, 57, 19.5000, 14, 0),
(10755, 69, 36.0000, 25, 0),
(10756, 18, 62.5000, 21, 0),
(10756, 36, 19.0000, 20, 0),
(10756, 68, 12.5000, 6, 0),
(10756, 69, 36.0000, 20, 0),
(10757, 34, 14.0000, 30, 0),
(10757, 59, 55.0000, 7, 0),
(10757, 62, 49.3000, 30, 0),
(10757, 64, 33.2500, 24, 0),
(10758, 26, 31.2300, 20, 0),
(10758, 52, 7.0000, 60, 0),
(10758, 70, 15.0000, 40, 0),
(10759, 32, 32.0000, 10, 0),
(10760, 25, 14.0000, 12, 0),
(10760, 27, 43.9000, 40, 0),
(10760, 43, 46.0000, 30, 0),
(10761, 25, 14.0000, 35, 0),
(10761, 75, 7.7500, 18, 0),
(10762, 39, 18.0000, 16, 0),
(10762, 47, 9.5000, 30, 0),
(10762, 51, 53.0000, 28, 0),
(10762, 56, 38.0000, 60, 0),
(10763, 21, 10.0000, 40, 0),
(10763, 22, 21.0000, 6, 0),
(10763, 24, 4.5000, 20, 0),
(10764, 3, 10.0000, 20, 0),
(10764, 39, 18.0000, 130, 0),
(10765, 65, 21.0500, 80, 0),
(10766, 2, 19.0000, 40, 0),
(10766, 7, 30.0000, 35, 0),
(10766, 68, 12.5000, 40, 0),
(10767, 42, 14.0000, 2, 0),
(10768, 22, 21.0000, 4, 0),
(10768, 31, 12.5000, 50, 0),
(10768, 60, 34.0000, 15, 0),
(10768, 71, 21.5000, 12, 0),
(10769, 41, 9.6500, 30, 0),
(10769, 52, 7.0000, 15, 0),
(10769, 61, 28.5000, 20, 0),
(10769, 62, 49.3000, 15, 0),
(10770, 11, 21.0000, 15, 0),
(10771, 71, 21.5000, 16, 0),
(10772, 29, 123.7900, 18, 0),
(10772, 59, 55.0000, 25, 0),
(10773, 17, 39.0000, 33, 0),
(10773, 31, 12.5000, 70, 0),
(10773, 75, 7.7500, 7, 0),
(10774, 31, 12.5000, 2, 0),
(10774, 66, 17.0000, 50, 0),
(10775, 10, 31.0000, 6, 0),
(10775, 67, 14.0000, 3, 0),
(10776, 31, 12.5000, 16, 0),
(10776, 42, 14.0000, 12, 0),
(10776, 45, 9.5000, 27, 0),
(10776, 51, 53.0000, 120, 0),
(10777, 42, 14.0000, 20, 0),
(10778, 41, 9.6500, 10, 0),
(10779, 16, 17.4500, 20, 0),
(10779, 62, 49.3000, 20, 0),
(10780, 70, 15.0000, 35, 0),
(10780, 77, 13.0000, 15, 0),
(10781, 54, 7.4500, 3, 0),
(10781, 56, 38.0000, 20, 0),
(10781, 74, 10.0000, 35, 0),
(10782, 31, 12.5000, 1, 0),
(10783, 31, 12.5000, 10, 0),
(10783, 38, 263.5000, 5, 0),
(10784, 36, 19.0000, 30, 0),
(10784, 39, 18.0000, 2, 0),
(10784, 72, 34.8000, 30, 0),
(10785, 10, 31.0000, 10, 0),
(10785, 75, 7.7500, 10, 0),
(10786, 8, 40.0000, 30, 0),
(10786, 30, 25.8900, 15, 0),
(10786, 75, 7.7500, 42, 0),
(10787, 2, 19.0000, 15, 0),
(10787, 29, 123.7900, 20, 0),
(10788, 19, 9.2000, 50, 0),
(10788, 75, 7.7500, 40, 0),
(10789, 18, 62.5000, 30, 0),
(10789, 35, 18.0000, 15, 0),
(10789, 63, 43.9000, 30, 0),
(10789, 68, 12.5000, 18, 0),
(10790, 7, 30.0000, 3, 0),
(10790, 56, 38.0000, 20, 0),
(10791, 29, 123.7900, 14, 0),
(10791, 41, 9.6500, 20, 0),
(10792, 2, 19.0000, 10, 0),
(10792, 54, 7.4500, 3, 0),
(10792, 68, 12.5000, 15, 0),
(10793, 41, 9.6500, 14, 0),
(10793, 52, 7.0000, 8, 0),
(10794, 14, 23.2500, 15, 0),
(10794, 54, 7.4500, 6, 0),
(10795, 16, 17.4500, 65, 0),
(10795, 17, 39.0000, 35, 0),
(10796, 26, 31.2300, 21, 0),
(10796, 44, 19.4500, 10, 0),
(10796, 64, 33.2500, 35, 0),
(10796, 69, 36.0000, 24, 0),
(10797, 11, 21.0000, 20, 0),
(10798, 62, 49.3000, 2, 0),
(10798, 72, 34.8000, 10, 0),
(10799, 13, 6.0000, 20, 0),
(10799, 24, 4.5000, 20, 0),
(10799, 59, 55.0000, 25, 0),
(10800, 11, 21.0000, 50, 0),
(10800, 51, 53.0000, 10, 0),
(10800, 54, 7.4500, 7, 0),
(10801, 17, 39.0000, 40, 0),
(10801, 29, 123.7900, 20, 0),
(10802, 30, 25.8900, 25, 0),
(10802, 51, 53.0000, 30, 0),
(10802, 55, 24.0000, 60, 0),
(10802, 62, 49.3000, 5, 0),
(10803, 19, 9.2000, 24, 0),
(10803, 25, 14.0000, 15, 0),
(10803, 59, 55.0000, 15, 0),
(10804, 10, 31.0000, 36, 0),
(10804, 28, 45.6000, 24, 0),
(10804, 49, 20.0000, 4, 0),
(10805, 34, 14.0000, 10, 0),
(10805, 38, 263.5000, 10, 0),
(10806, 2, 19.0000, 20, 0),
(10806, 65, 21.0500, 2, 0),
(10806, 74, 10.0000, 15, 0),
(10807, 40, 18.4000, 1, 0),
(10808, 56, 38.0000, 20, 0),
(10808, 76, 18.0000, 50, 0),
(10809, 52, 7.0000, 20, 0),
(10810, 13, 6.0000, 7, 0),
(10810, 25, 14.0000, 5, 0),
(10810, 70, 15.0000, 5, 0),
(10811, 19, 9.2000, 15, 0),
(10811, 23, 9.0000, 18, 0),
(10811, 40, 18.4000, 30, 0),
(10812, 31, 12.5000, 16, 0),
(10812, 72, 34.8000, 40, 0),
(10812, 77, 13.0000, 20, 0),
(10813, 2, 19.0000, 12, 0),
(10813, 46, 12.0000, 35, 0),
(10814, 41, 9.6500, 20, 0),
(10814, 43, 46.0000, 20, 0),
(10814, 48, 12.7500, 8, 0),
(10814, 61, 28.5000, 30, 0),
(10815, 33, 2.5000, 16, 0),
(10816, 38, 263.5000, 30, 0),
(10816, 62, 49.3000, 20, 0),
(10817, 26, 31.2300, 40, 0),
(10817, 38, 263.5000, 30, 0),
(10817, 40, 18.4000, 60, 0),
(10817, 62, 49.3000, 25, 0),
(10818, 32, 32.0000, 20, 0),
(10818, 41, 9.6500, 20, 0),
(10819, 43, 46.0000, 7, 0),
(10819, 75, 7.7500, 20, 0),
(10820, 56, 38.0000, 30, 0),
(10821, 35, 18.0000, 20, 0),
(10821, 51, 53.0000, 6, 0),
(10822, 62, 49.3000, 3, 0),
(10822, 70, 15.0000, 6, 0),
(10823, 11, 21.0000, 20, 0),
(10823, 57, 19.5000, 15, 0),
(10823, 59, 55.0000, 40, 0),
(10823, 77, 13.0000, 15, 0),
(10824, 41, 9.6500, 12, 0),
(10824, 70, 15.0000, 9, 0),
(10825, 26, 31.2300, 12, 0),
(10825, 53, 32.8000, 20, 0),
(10826, 31, 12.5000, 35, 0),
(10826, 57, 19.5000, 15, 0),
(10827, 10, 31.0000, 15, 0),
(10827, 39, 18.0000, 21, 0),
(10828, 20, 81.0000, 5, 0),
(10828, 38, 263.5000, 2, 0),
(10829, 2, 19.0000, 10, 0),
(10829, 8, 40.0000, 20, 0),
(10829, 13, 6.0000, 10, 0),
(10829, 60, 34.0000, 21, 0),
(10830, 6, 25.0000, 6, 0),
(10830, 39, 18.0000, 28, 0),
(10830, 60, 34.0000, 30, 0),
(10830, 68, 12.5000, 24, 0),
(10831, 19, 9.2000, 2, 0),
(10831, 35, 18.0000, 8, 0),
(10831, 38, 263.5000, 8, 0),
(10831, 43, 46.0000, 9, 0),
(10832, 13, 6.0000, 3, 0),
(10832, 25, 14.0000, 10, 0),
(10832, 44, 19.4500, 16, 0),
(10832, 64, 33.2500, 3, 0),
(10833, 7, 30.0000, 20, 0),
(10833, 31, 12.5000, 9, 0),
(10833, 53, 32.8000, 9, 0),
(10834, 29, 123.7900, 8, 0),
(10834, 30, 25.8900, 20, 0),
(10835, 59, 55.0000, 15, 0),
(10835, 77, 13.0000, 2, 0),
(10836, 22, 21.0000, 52, 0),
(10836, 35, 18.0000, 6, 0),
(10836, 57, 19.5000, 24, 0),
(10836, 60, 34.0000, 60, 0),
(10836, 64, 33.2500, 30, 0),
(10837, 13, 6.0000, 6, 0),
(10837, 40, 18.4000, 25, 0),
(10837, 47, 9.5000, 40, 0),
(10837, 76, 18.0000, 21, 0),
(10838, 1, 18.0000, 4, 0),
(10838, 18, 62.5000, 25, 0),
(10838, 36, 19.0000, 50, 0),
(10839, 58, 13.2500, 30, 0),
(10839, 72, 34.8000, 15, 0),
(10840, 25, 14.0000, 6, 0),
(10840, 39, 18.0000, 10, 0),
(10841, 10, 31.0000, 16, 0),
(10841, 56, 38.0000, 30, 0),
(10841, 59, 55.0000, 50, 0),
(10841, 77, 13.0000, 15, 0),
(10842, 11, 21.0000, 15, 0),
(10842, 43, 46.0000, 5, 0),
(10842, 68, 12.5000, 20, 0),
(10842, 70, 15.0000, 12, 0),
(10843, 51, 53.0000, 4, 0),
(10844, 22, 21.0000, 35, 0),
(10845, 23, 9.0000, 70, 0),
(10845, 35, 18.0000, 25, 0),
(10845, 42, 14.0000, 42, 0),
(10845, 58, 13.2500, 60, 0),
(10845, 64, 33.2500, 48, 0),
(10846, 4, 22.0000, 21, 0),
(10846, 70, 15.0000, 30, 0),
(10846, 74, 10.0000, 20, 0),
(10847, 1, 18.0000, 80, 0),
(10847, 19, 9.2000, 12, 0),
(10847, 37, 26.0000, 60, 0),
(10847, 45, 9.5000, 36, 0),
(10847, 60, 34.0000, 45, 0),
(10847, 71, 21.5000, 55, 0),
(10848, 5, 21.3500, 30, 0),
(10848, 9, 97.0000, 3, 0),
(10849, 3, 10.0000, 49, 0),
(10849, 26, 31.2300, 18, 0),
(10850, 25, 14.0000, 20, 0),
(10850, 33, 2.5000, 4, 0),
(10850, 70, 15.0000, 30, 0),
(10851, 2, 19.0000, 5, 0),
(10851, 25, 14.0000, 10, 0),
(10851, 57, 19.5000, 10, 0),
(10851, 59, 55.0000, 42, 0),
(10852, 2, 19.0000, 15, 0),
(10852, 17, 39.0000, 6, 0),
(10852, 62, 49.3000, 50, 0),
(10853, 18, 62.5000, 10, 0),
(10854, 10, 31.0000, 100, 0),
(10854, 13, 6.0000, 65, 0),
(10855, 16, 17.4500, 50, 0),
(10855, 31, 12.5000, 14, 0),
(10855, 56, 38.0000, 24, 0),
(10855, 65, 21.0500, 15, 0),
(10856, 2, 19.0000, 20, 0),
(10856, 42, 14.0000, 20, 0),
(10857, 3, 10.0000, 30, 0),
(10857, 26, 31.2300, 35, 0),
(10857, 29, 123.7900, 10, 0),
(10858, 7, 30.0000, 5, 0),
(10858, 27, 43.9000, 10, 0),
(10858, 70, 15.0000, 4, 0),
(10859, 24, 4.5000, 40, 0),
(10859, 54, 7.4500, 35, 0),
(10859, 64, 33.2500, 30, 0),
(10860, 51, 53.0000, 3, 0),
(10860, 76, 18.0000, 20, 0),
(10861, 17, 39.0000, 42, 0),
(10861, 18, 62.5000, 20, 0),
(10861, 21, 10.0000, 40, 0),
(10861, 33, 2.5000, 35, 0),
(10861, 62, 49.3000, 3, 0),
(10862, 11, 21.0000, 25, 0),
(10862, 52, 7.0000, 8, 0),
(10863, 1, 18.0000, 20, 0),
(10863, 58, 13.2500, 12, 0),
(10864, 35, 18.0000, 4, 0),
(10864, 67, 14.0000, 15, 0),
(10865, 38, 263.5000, 60, 0),
(10865, 39, 18.0000, 80, 0),
(10866, 2, 19.0000, 21, 0),
(10866, 24, 4.5000, 6, 0),
(10866, 30, 25.8900, 40, 0),
(10867, 53, 32.8000, 3, 0),
(10868, 26, 31.2300, 20, 0),
(10868, 35, 18.0000, 30, 0),
(10868, 49, 20.0000, 42, 0),
(10869, 1, 18.0000, 40, 0),
(10869, 11, 21.0000, 10, 0),
(10869, 23, 9.0000, 50, 0),
(10869, 68, 12.5000, 20, 0),
(10870, 35, 18.0000, 3, 0),
(10870, 51, 53.0000, 2, 0),
(10871, 6, 25.0000, 50, 0),
(10871, 16, 17.4500, 12, 0),
(10871, 17, 39.0000, 16, 0),
(10872, 55, 24.0000, 10, 0),
(10872, 62, 49.3000, 20, 0),
(10872, 64, 33.2500, 15, 0),
(10872, 65, 21.0500, 21, 0),
(10873, 21, 10.0000, 20, 0),
(10873, 28, 45.6000, 3, 0),
(10874, 10, 31.0000, 10, 0),
(10875, 19, 9.2000, 25, 0),
(10875, 47, 9.5000, 21, 0),
(10875, 49, 20.0000, 15, 0),
(10876, 46, 12.0000, 21, 0),
(10876, 64, 33.2500, 20, 0),
(10877, 16, 17.4500, 30, 0),
(10877, 18, 62.5000, 25, 0),
(10878, 20, 81.0000, 20, 0),
(10879, 40, 18.4000, 12, 0),
(10879, 65, 21.0500, 10, 0),
(10879, 76, 18.0000, 10, 0),
(10880, 23, 9.0000, 30, 0),
(10880, 61, 28.5000, 30, 0),
(10880, 70, 15.0000, 50, 0),
(10881, 73, 15.0000, 10, 0),
(10882, 42, 14.0000, 25, 0),
(10882, 49, 20.0000, 20, 0),
(10882, 54, 7.4500, 32, 0),
(10883, 24, 4.5000, 8, 0),
(10884, 21, 10.0000, 40, 0),
(10884, 56, 38.0000, 21, 0),
(10884, 65, 21.0500, 12, 0),
(10885, 2, 19.0000, 20, 0),
(10885, 24, 4.5000, 12, 0),
(10885, 70, 15.0000, 30, 0),
(10885, 77, 13.0000, 25, 0),
(10886, 10, 31.0000, 70, 0),
(10886, 31, 12.5000, 35, 0),
(10886, 77, 13.0000, 40, 0),
(10887, 25, 14.0000, 5, 0),
(10888, 2, 19.0000, 20, 0),
(10888, 68, 12.5000, 18, 0),
(10889, 11, 21.0000, 40, 0),
(10889, 38, 263.5000, 40, 0),
(10890, 17, 39.0000, 15, 0),
(10890, 34, 14.0000, 10, 0),
(10890, 41, 9.6500, 14, 0),
(10891, 30, 25.8900, 15, 0),
(10892, 59, 55.0000, 40, 0),
(10893, 8, 40.0000, 30, 0),
(10893, 24, 4.5000, 10, 0),
(10893, 29, 123.7900, 24, 0),
(10893, 30, 25.8900, 35, 0),
(10893, 36, 19.0000, 20, 0),
(10894, 13, 6.0000, 28, 0),
(10894, 69, 36.0000, 50, 0),
(10894, 75, 7.7500, 120, 0),
(10895, 24, 4.5000, 110, 0),
(10895, 39, 18.0000, 45, 0),
(10895, 40, 18.4000, 91, 0),
(10895, 60, 34.0000, 100, 0),
(10896, 45, 9.5000, 15, 0),
(10896, 56, 38.0000, 16, 0),
(10897, 29, 123.7900, 80, 0),
(10897, 30, 25.8900, 36, 0),
(10898, 13, 6.0000, 5, 0),
(10899, 39, 18.0000, 8, 0),
(10900, 70, 15.0000, 3, 0),
(10901, 41, 9.6500, 30, 0),
(10901, 71, 21.5000, 30, 0),
(10902, 55, 24.0000, 30, 0),
(10902, 62, 49.3000, 6, 0),
(10903, 13, 6.0000, 40, 0),
(10903, 65, 21.0500, 21, 0),
(10903, 68, 12.5000, 20, 0),
(10904, 58, 13.2500, 15, 0),
(10904, 62, 49.3000, 35, 0),
(10905, 1, 18.0000, 20, 0),
(10906, 61, 28.5000, 15, 0),
(10907, 75, 7.7500, 14, 0),
(10908, 7, 30.0000, 20, 0),
(10908, 52, 7.0000, 14, 0),
(10909, 7, 30.0000, 12, 0),
(10909, 16, 17.4500, 15, 0),
(10909, 41, 9.6500, 5, 0),
(10910, 19, 9.2000, 12, 0),
(10910, 49, 20.0000, 10, 0),
(10910, 61, 28.5000, 5, 0),
(10911, 1, 18.0000, 10, 0),
(10911, 17, 39.0000, 12, 0),
(10911, 67, 14.0000, 15, 0),
(10912, 11, 21.0000, 40, 0),
(10912, 29, 123.7900, 60, 0),
(10913, 4, 22.0000, 30, 0),
(10913, 33, 2.5000, 40, 0),
(10913, 58, 13.2500, 15, 0),
(10914, 71, 21.5000, 25, 0),
(10915, 17, 39.0000, 10, 0),
(10915, 33, 2.5000, 30, 0),
(10915, 54, 7.4500, 10, 0),
(10916, 16, 17.4500, 6, 0),
(10916, 32, 32.0000, 6, 0),
(10916, 57, 19.5000, 20, 0),
(10917, 30, 25.8900, 1, 0),
(10917, 60, 34.0000, 10, 0),
(10918, 1, 18.0000, 60, 0),
(10918, 60, 34.0000, 25, 0),
(10919, 16, 17.4500, 24, 0),
(10919, 25, 14.0000, 24, 0),
(10919, 40, 18.4000, 20, 0),
(10920, 50, 16.2500, 24, 0),
(10921, 35, 18.0000, 10, 0),
(10921, 63, 43.9000, 40, 0),
(10922, 17, 39.0000, 15, 0),
(10922, 24, 4.5000, 35, 0),
(10923, 42, 14.0000, 10, 0),
(10923, 43, 46.0000, 10, 0),
(10923, 67, 14.0000, 24, 0),
(10924, 10, 31.0000, 20, 0),
(10924, 28, 45.6000, 30, 0),
(10924, 75, 7.7500, 6, 0),
(10925, 36, 19.0000, 25, 0),
(10925, 52, 7.0000, 12, 0),
(10926, 11, 21.0000, 2, 0),
(10926, 13, 6.0000, 10, 0),
(10926, 19, 9.2000, 7, 0),
(10926, 72, 34.8000, 10, 0),
(10927, 20, 81.0000, 5, 0),
(10927, 52, 7.0000, 5, 0),
(10927, 76, 18.0000, 20, 0),
(10928, 47, 9.5000, 5, 0),
(10928, 76, 18.0000, 5, 0),
(10929, 21, 10.0000, 60, 0),
(10929, 75, 7.7500, 49, 0),
(10929, 77, 13.0000, 15, 0),
(10930, 21, 10.0000, 36, 0),
(10930, 27, 43.9000, 25, 0),
(10930, 55, 24.0000, 25, 0),
(10930, 58, 13.2500, 30, 0),
(10931, 13, 6.0000, 42, 0),
(10931, 57, 19.5000, 30, 0),
(10932, 16, 17.4500, 30, 0),
(10932, 62, 49.3000, 14, 0),
(10932, 72, 34.8000, 16, 0),
(10932, 75, 7.7500, 20, 0),
(10933, 53, 32.8000, 2, 0),
(10933, 61, 28.5000, 30, 0),
(10934, 6, 25.0000, 20, 0),
(10935, 1, 18.0000, 21, 0),
(10935, 18, 62.5000, 4, 0),
(10935, 23, 9.0000, 8, 0),
(10936, 36, 19.0000, 30, 0),
(10937, 28, 45.6000, 8, 0),
(10937, 34, 14.0000, 20, 0),
(10938, 13, 6.0000, 20, 0),
(10938, 43, 46.0000, 24, 0),
(10938, 60, 34.0000, 49, 0),
(10938, 71, 21.5000, 35, 0),
(10939, 2, 19.0000, 10, 0),
(10939, 67, 14.0000, 40, 0),
(10940, 7, 30.0000, 8, 0),
(10940, 13, 6.0000, 20, 0),
(10941, 31, 12.5000, 44, 0),
(10941, 62, 49.3000, 30, 0),
(10941, 68, 12.5000, 80, 0),
(10941, 72, 34.8000, 50, 0),
(10942, 49, 20.0000, 28, 0),
(10943, 13, 6.0000, 15, 0),
(10943, 22, 21.0000, 21, 0),
(10943, 46, 12.0000, 15, 0),
(10944, 11, 21.0000, 5, 0),
(10944, 44, 19.4500, 18, 0),
(10944, 56, 38.0000, 18, 0),
(10945, 13, 6.0000, 20, 0),
(10945, 31, 12.5000, 10, 0),
(10946, 10, 31.0000, 25, 0),
(10946, 24, 4.5000, 25, 0),
(10946, 77, 13.0000, 40, 0),
(10947, 59, 55.0000, 4, 0),
(10948, 50, 16.2500, 9, 0),
(10948, 51, 53.0000, 40, 0),
(10948, 55, 24.0000, 4, 0),
(10949, 6, 25.0000, 12, 0),
(10949, 10, 31.0000, 30, 0),
(10949, 17, 39.0000, 6, 0),
(10949, 62, 49.3000, 60, 0),
(10950, 4, 22.0000, 5, 0),
(10951, 33, 2.5000, 15, 0),
(10951, 41, 9.6500, 6, 0),
(10951, 75, 7.7500, 50, 0),
(10952, 6, 25.0000, 16, 0),
(10952, 28, 45.6000, 2, 0),
(10953, 20, 81.0000, 50, 0),
(10953, 31, 12.5000, 50, 0),
(10954, 16, 17.4500, 28, 0),
(10954, 31, 12.5000, 25, 0),
(10954, 45, 9.5000, 30, 0),
(10954, 60, 34.0000, 24, 0),
(10955, 75, 7.7500, 12, 0),
(10956, 21, 10.0000, 12, 0),
(10956, 47, 9.5000, 14, 0),
(10956, 51, 53.0000, 8, 0),
(10957, 30, 25.8900, 30, 0),
(10957, 35, 18.0000, 40, 0),
(10957, 64, 33.2500, 8, 0),
(10958, 5, 21.3500, 20, 0),
(10958, 7, 30.0000, 6, 0),
(10958, 72, 34.8000, 5, 0),
(10959, 75, 7.7500, 20, 0),
(10960, 24, 4.5000, 10, 0),
(10960, 41, 9.6500, 24, 0),
(10961, 52, 7.0000, 6, 0),
(10961, 76, 18.0000, 60, 0),
(10962, 7, 30.0000, 45, 0),
(10962, 13, 6.0000, 77, 0),
(10962, 53, 32.8000, 20, 0),
(10962, 69, 36.0000, 9, 0),
(10962, 76, 18.0000, 44, 0),
(10963, 60, 34.0000, 2, 0),
(10964, 18, 62.5000, 6, 0),
(10964, 38, 263.5000, 5, 0),
(10964, 69, 36.0000, 10, 0),
(10965, 51, 53.0000, 16, 0),
(10966, 37, 26.0000, 8, 0),
(10966, 56, 38.0000, 12, 0),
(10966, 62, 49.3000, 12, 0),
(10967, 19, 9.2000, 12, 0),
(10967, 49, 20.0000, 40, 0),
(10968, 12, 38.0000, 30, 0),
(10968, 24, 4.5000, 30, 0),
(10968, 64, 33.2500, 4, 0),
(10969, 46, 12.0000, 9, 0),
(10970, 52, 7.0000, 40, 0),
(10971, 29, 123.7900, 14, 0),
(10972, 17, 39.0000, 6, 0),
(10972, 33, 2.5000, 7, 0),
(10973, 26, 31.2300, 5, 0),
(10973, 41, 9.6500, 6, 0),
(10973, 75, 7.7500, 10, 0),
(10974, 63, 43.9000, 10, 0),
(10975, 8, 40.0000, 16, 0),
(10975, 75, 7.7500, 10, 0),
(10976, 28, 45.6000, 20, 0);
INSERT INTO `order-details` (`orderId`, `productId`, `price`, `quantity`, `discount`) VALUES
(10977, 39, 18.0000, 30, 0),
(10977, 47, 9.5000, 30, 0),
(10977, 51, 53.0000, 10, 0),
(10977, 63, 43.9000, 20, 0),
(10978, 8, 40.0000, 20, 0),
(10978, 21, 10.0000, 40, 0),
(10978, 40, 18.4000, 10, 0),
(10978, 44, 19.4500, 6, 0),
(10979, 7, 30.0000, 18, 0),
(10979, 12, 38.0000, 20, 0),
(10979, 24, 4.5000, 80, 0),
(10979, 27, 43.9000, 30, 0),
(10979, 31, 12.5000, 24, 0),
(10979, 63, 43.9000, 35, 0),
(10980, 75, 7.7500, 40, 0),
(10981, 38, 263.5000, 60, 0),
(10982, 7, 30.0000, 20, 0),
(10982, 43, 46.0000, 9, 0),
(10983, 13, 6.0000, 84, 0),
(10983, 57, 19.5000, 15, 0),
(10984, 16, 17.4500, 55, 0),
(10984, 24, 4.5000, 20, 0),
(10984, 36, 19.0000, 40, 0),
(10985, 16, 17.4500, 36, 0),
(10985, 18, 62.5000, 8, 0),
(10985, 32, 32.0000, 35, 0),
(10986, 11, 21.0000, 30, 0),
(10986, 20, 81.0000, 15, 0),
(10986, 76, 18.0000, 10, 0),
(10986, 77, 13.0000, 15, 0),
(10987, 7, 30.0000, 60, 0),
(10987, 43, 46.0000, 6, 0),
(10987, 72, 34.8000, 20, 0),
(10988, 7, 30.0000, 60, 0),
(10988, 62, 49.3000, 40, 0),
(10989, 6, 25.0000, 40, 0),
(10989, 11, 21.0000, 15, 0),
(10989, 41, 9.6500, 4, 0),
(10990, 21, 10.0000, 65, 0),
(10990, 34, 14.0000, 60, 0),
(10990, 55, 24.0000, 65, 0),
(10990, 61, 28.5000, 66, 0),
(10991, 2, 19.0000, 50, 0),
(10991, 70, 15.0000, 20, 0),
(10991, 76, 18.0000, 90, 0),
(10992, 72, 34.8000, 2, 0),
(10993, 29, 123.7900, 50, 0),
(10993, 41, 9.6500, 35, 0),
(10994, 59, 55.0000, 18, 0),
(10995, 51, 53.0000, 20, 0),
(10995, 60, 34.0000, 4, 0),
(10996, 42, 14.0000, 40, 0),
(10997, 32, 32.0000, 50, 0),
(10997, 46, 12.0000, 20, 0),
(10997, 52, 7.0000, 20, 0),
(10998, 24, 4.5000, 12, 0),
(10998, 61, 28.5000, 7, 0),
(10998, 74, 10.0000, 20, 0),
(10998, 75, 7.7500, 30, 0),
(10999, 41, 9.6500, 20, 0),
(10999, 51, 53.0000, 15, 0),
(10999, 77, 13.0000, 21, 0),
(11000, 4, 22.0000, 25, 0),
(11000, 24, 4.5000, 30, 0),
(11000, 77, 13.0000, 30, 0),
(11001, 7, 30.0000, 60, 0),
(11001, 22, 21.0000, 25, 0),
(11001, 46, 12.0000, 25, 0),
(11001, 55, 24.0000, 6, 0),
(11002, 13, 6.0000, 56, 0),
(11002, 35, 18.0000, 15, 0),
(11002, 42, 14.0000, 24, 0),
(11002, 55, 24.0000, 40, 0),
(11003, 1, 18.0000, 4, 0),
(11003, 40, 18.4000, 10, 0),
(11003, 52, 7.0000, 10, 0),
(11004, 26, 31.2300, 6, 0),
(11004, 76, 18.0000, 6, 0),
(11005, 1, 18.0000, 2, 0),
(11005, 59, 55.0000, 10, 0),
(11006, 1, 18.0000, 8, 0),
(11006, 29, 123.7900, 2, 0),
(11007, 8, 40.0000, 30, 0),
(11007, 29, 123.7900, 10, 0),
(11007, 42, 14.0000, 14, 0),
(11008, 28, 45.6000, 70, 0),
(11008, 34, 14.0000, 90, 0),
(11008, 71, 21.5000, 21, 0),
(11009, 24, 4.5000, 12, 0),
(11009, 36, 19.0000, 18, 0),
(11009, 60, 34.0000, 9, 0),
(11010, 7, 30.0000, 20, 0),
(11010, 24, 4.5000, 10, 0),
(11011, 58, 13.2500, 40, 0),
(11011, 71, 21.5000, 20, 0),
(11012, 19, 9.2000, 50, 0),
(11012, 60, 34.0000, 36, 0),
(11012, 71, 21.5000, 60, 0),
(11013, 23, 9.0000, 10, 0),
(11013, 42, 14.0000, 4, 0),
(11013, 45, 9.5000, 20, 0),
(11013, 68, 12.5000, 2, 0),
(11014, 41, 9.6500, 28, 0),
(11015, 30, 25.8900, 15, 0),
(11015, 77, 13.0000, 18, 0),
(11016, 31, 12.5000, 15, 0),
(11016, 36, 19.0000, 16, 0),
(11017, 3, 10.0000, 25, 0),
(11017, 59, 55.0000, 110, 0),
(11017, 70, 15.0000, 30, 0),
(11018, 12, 38.0000, 20, 0),
(11018, 18, 62.5000, 10, 0),
(11018, 56, 38.0000, 5, 0),
(11019, 46, 12.0000, 3, 0),
(11019, 49, 20.0000, 2, 0),
(11020, 10, 31.0000, 24, 0),
(11021, 2, 19.0000, 11, 0),
(11021, 20, 81.0000, 15, 0),
(11021, 26, 31.2300, 63, 0),
(11021, 51, 53.0000, 44, 0),
(11021, 72, 34.8000, 35, 0),
(11022, 19, 9.2000, 35, 0),
(11022, 69, 36.0000, 30, 0),
(11023, 7, 30.0000, 4, 0),
(11023, 43, 46.0000, 30, 0),
(11024, 26, 31.2300, 12, 0),
(11024, 33, 2.5000, 30, 0),
(11024, 65, 21.0500, 21, 0),
(11024, 71, 21.5000, 50, 0),
(11025, 1, 18.0000, 10, 0),
(11025, 13, 6.0000, 20, 0),
(11026, 18, 62.5000, 8, 0),
(11026, 51, 53.0000, 10, 0),
(11027, 24, 4.5000, 30, 0),
(11027, 62, 49.3000, 21, 0),
(11028, 55, 24.0000, 35, 0),
(11028, 59, 55.0000, 24, 0),
(11029, 56, 38.0000, 20, 0),
(11029, 63, 43.9000, 12, 0),
(11030, 2, 19.0000, 100, 0),
(11030, 5, 21.3500, 70, 0),
(11030, 29, 123.7900, 60, 0),
(11030, 59, 55.0000, 100, 0),
(11031, 1, 18.0000, 45, 0),
(11031, 13, 6.0000, 80, 0),
(11031, 24, 4.5000, 21, 0),
(11031, 64, 33.2500, 20, 0),
(11031, 71, 21.5000, 16, 0),
(11032, 36, 19.0000, 35, 0),
(11032, 38, 263.5000, 25, 0),
(11032, 59, 55.0000, 30, 0),
(11033, 53, 32.8000, 70, 0),
(11033, 69, 36.0000, 36, 0),
(11034, 21, 10.0000, 15, 0),
(11034, 44, 19.4500, 12, 0),
(11034, 61, 28.5000, 6, 0),
(11035, 1, 18.0000, 10, 0),
(11035, 35, 18.0000, 60, 0),
(11035, 42, 14.0000, 30, 0),
(11035, 54, 7.4500, 10, 0),
(11036, 13, 6.0000, 7, 0),
(11036, 59, 55.0000, 30, 0),
(11037, 70, 15.0000, 4, 0),
(11038, 40, 18.4000, 5, 0),
(11038, 52, 7.0000, 2, 0),
(11038, 71, 21.5000, 30, 0),
(11039, 28, 45.6000, 20, 0),
(11039, 35, 18.0000, 24, 0),
(11039, 49, 20.0000, 60, 0),
(11039, 57, 19.5000, 28, 0),
(11040, 21, 10.0000, 20, 0),
(11041, 2, 19.0000, 30, 0),
(11041, 63, 43.9000, 30, 0),
(11042, 44, 19.4500, 15, 0),
(11042, 61, 28.5000, 4, 0),
(11043, 11, 21.0000, 10, 0),
(11044, 62, 49.3000, 12, 0),
(11045, 33, 2.5000, 15, 0),
(11045, 51, 53.0000, 24, 0),
(11046, 12, 38.0000, 20, 0),
(11046, 32, 32.0000, 15, 0),
(11046, 35, 18.0000, 18, 0),
(11047, 1, 18.0000, 25, 0),
(11047, 5, 21.3500, 30, 0),
(11048, 68, 12.5000, 42, 0),
(11049, 2, 19.0000, 10, 0),
(11049, 12, 38.0000, 4, 0),
(11050, 76, 18.0000, 50, 0),
(11051, 24, 4.5000, 10, 0),
(11052, 43, 46.0000, 30, 0),
(11052, 61, 28.5000, 10, 0),
(11053, 18, 62.5000, 35, 0),
(11053, 32, 32.0000, 20, 0),
(11053, 64, 33.2500, 25, 0),
(11054, 33, 2.5000, 10, 0),
(11054, 67, 14.0000, 20, 0),
(11055, 24, 4.5000, 15, 0),
(11055, 25, 14.0000, 15, 0),
(11055, 51, 53.0000, 20, 0),
(11055, 57, 19.5000, 20, 0),
(11056, 7, 30.0000, 40, 0),
(11056, 55, 24.0000, 35, 0),
(11056, 60, 34.0000, 50, 0),
(11057, 70, 15.0000, 3, 0),
(11058, 21, 10.0000, 3, 0),
(11058, 60, 34.0000, 21, 0),
(11058, 61, 28.5000, 4, 0),
(11059, 13, 6.0000, 30, 0),
(11059, 17, 39.0000, 12, 0),
(11059, 60, 34.0000, 35, 0),
(11060, 60, 34.0000, 4, 0),
(11060, 77, 13.0000, 10, 0),
(11061, 60, 34.0000, 15, 0),
(11062, 53, 32.8000, 10, 0),
(11062, 70, 15.0000, 12, 0),
(11063, 34, 14.0000, 30, 0),
(11063, 40, 18.4000, 40, 0),
(11063, 41, 9.6500, 30, 0),
(11064, 17, 39.0000, 77, 0),
(11064, 41, 9.6500, 12, 0),
(11064, 53, 32.8000, 25, 0),
(11064, 55, 24.0000, 4, 0),
(11064, 68, 12.5000, 55, 0),
(11065, 30, 25.8900, 4, 0),
(11065, 54, 7.4500, 20, 0),
(11066, 16, 17.4500, 3, 0),
(11066, 19, 9.2000, 42, 0),
(11066, 34, 14.0000, 35, 0),
(11067, 41, 9.6500, 9, 0),
(11068, 28, 45.6000, 8, 0),
(11068, 43, 46.0000, 36, 0),
(11068, 77, 13.0000, 28, 0),
(11069, 39, 18.0000, 20, 0),
(11070, 1, 18.0000, 40, 0),
(11070, 2, 19.0000, 20, 0),
(11070, 16, 17.4500, 30, 0),
(11070, 31, 12.5000, 20, 0),
(11071, 7, 30.0000, 15, 0),
(11071, 13, 6.0000, 10, 0),
(11072, 2, 19.0000, 8, 0),
(11072, 41, 9.6500, 40, 0),
(11072, 50, 16.2500, 22, 0),
(11072, 64, 33.2500, 130, 0),
(11073, 11, 21.0000, 10, 0),
(11073, 24, 4.5000, 20, 0),
(11074, 16, 17.4500, 14, 0),
(11075, 2, 19.0000, 10, 0),
(11075, 46, 12.0000, 30, 0),
(11075, 76, 18.0000, 2, 0),
(11076, 6, 25.0000, 20, 0),
(11076, 14, 23.2500, 20, 0),
(11076, 19, 9.2000, 10, 0),
(11077, 2, 19.0000, 24, 0),
(11077, 3, 10.0000, 4, 0),
(11077, 4, 22.0000, 1, 0),
(11077, 6, 25.0000, 1, 0),
(11077, 7, 30.0000, 1, 0),
(11077, 8, 40.0000, 2, 0),
(11077, 10, 31.0000, 1, 0),
(11077, 12, 38.0000, 2, 0),
(11077, 13, 6.0000, 4, 0),
(11077, 14, 23.2500, 1, 0),
(11077, 16, 17.4500, 2, 0),
(11077, 20, 81.0000, 1, 0),
(11077, 23, 9.0000, 2, 0),
(11077, 32, 32.0000, 1, 0),
(11077, 39, 18.0000, 2, 0),
(11077, 41, 9.6500, 3, 0),
(11077, 46, 12.0000, 3, 0),
(11077, 52, 7.0000, 2, 0),
(11077, 55, 24.0000, 2, 0),
(11077, 60, 34.0000, 2, 0),
(11077, 64, 33.2500, 2, 0),
(11077, 66, 17.0000, 1, 0),
(11077, 73, 15.0000, 2, 0),
(11077, 75, 7.7500, 4, 0),
(11077, 77, 13.0000, 2, 0);

CREATE TABLE `orders` (
  `id` int(11) NOT NULL,
  `customerId` char(5) DEFAULT NULL,
  `employeeId` int(11) DEFAULT NULL,
  `orderDate` date DEFAULT NULL,
  `requiredDate` date DEFAULT NULL,
  `shippedDate` date DEFAULT NULL,
  `freight` decimal(19,4) DEFAULT 0.0000,
  `shipperId` int(11) DEFAULT NULL,
  `countryId` int(11) DEFAULT NULL,
  `cityId` int(11) DEFAULT NULL,
  `address` varchar(60) DEFAULT NULL,
  `postalCode` varchar(10) DEFAULT NULL
) ENGINE=InnoDB DEFAULT CHARSET=utf8mb4 COLLATE=utf8mb4_general_ci;

INSERT INTO `orders` (`id`, `customerId`, `employeeId`, `orderDate`, `requiredDate`, `shippedDate`, `freight`, `shipperId`, `countryId`, `cityId`, `address`, `postalCode`) VALUES
(10248, 'VINET', 5, '1996-07-04', '1996-08-01', '1996-07-16', 32.3800, 85, 9, 69, '59 rue de l\'Abbaye', '51100'),
(10249, 'TOMSP', 6, '1996-07-05', '1996-08-16', '1996-07-10', 11.6100, 79, 10, 58, 'Luisenstr. 48', '44087'),
(10250, 'HANAR', 4, '1996-07-08', '1996-08-05', '1996-07-12', 65.8300, 35, 5, 71, 'Rua do Paço, 67', '05454-876'),
(10251, 'VICTE', 3, '1996-07-08', '1996-08-05', '1996-07-15', 41.3400, 84, 9, 48, '2, rue du Commerce', '69004'),
(10252, 'SUPRD', 4, '1996-07-09', '1996-08-06', '1996-07-11', 51.3000, 76, 4, 22, 'Boulevard Tirou, 255', 'B-6000'),
(10253, 'HANAR', 3, '1996-07-10', '1996-07-24', '1996-07-16', 58.1700, 35, 5, 71, 'Rua do Paço, 67', '05454-876'),
(10254, 'CHOPS', 5, '1996-07-11', '1996-08-08', '1996-07-23', 22.9800, 15, 22, 12, 'Hauptstr. 31', '3012'),
(10255, 'RICSU', 9, '1996-07-12', '1996-08-09', '1996-07-15', 148.3300, 68, 22, 32, 'Starenweg 5', '1204'),
(10256, 'WELLI', 3, '1996-07-15', '1996-08-12', '1996-07-17', 13.9700, 87, 5, 70, 'Rua do Mercado, 12', '08737-363'),
(10257, 'HILAA', 4, '1996-07-16', '1996-08-13', '1996-07-22', 81.9100, 36, 25, 74, 'Carrera 22 con Ave. Carlos Soublette #8-35', '5022'),
(10258, 'ERNSH', 1, '1996-07-17', '1996-08-14', '1996-07-23', 140.5100, 22, 3, 34, 'Kirchgasse 6', '8010'),
(10259, 'CENTC', 4, '1996-07-18', '1996-08-15', '1996-07-25', 3.2500, 14, 14, 54, 'Sierras de Granada 9993', '05022'),
(10260, 'OTTIK', 4, '1996-07-19', '1996-08-16', '1996-07-29', 55.0900, 57, 10, 39, 'Mehrheimerstr. 369', '50739'),
(10261, 'QUEDE', 4, '1996-07-19', '1996-08-16', '1996-07-30', 3.0500, 61, 5, 71, 'Rua da Panificadora, 12', '02389-673'),
(10262, 'RATTC', 8, '1996-07-22', '1996-08-19', '1996-07-25', 48.2900, 65, 24, 2, '2817 Milton Dr.', '87110'),
(10263, 'ERNSH', 9, '1996-07-23', '1996-08-20', '1996-07-31', 146.0600, 22, 3, 34, 'Kirchgasse 6', '8010'),
(10264, 'FOLKO', 6, '1996-07-24', '1996-08-21', '1996-08-23', 3.6700, 25, 21, 15, 'Åkergatan 24', 'S-844 67'),
(10265, 'BLONP', 2, '1996-07-25', '1996-08-22', '1996-08-12', 55.2800, 9, 9, 84, '24, place Kléber', '67000'),
(10266, 'WARTH', 3, '1996-07-26', '1996-09-06', '1996-07-31', 25.7300, 86, 8, 62, 'Torikatu 38', '90110'),
(10267, 'FRANK', 4, '1996-07-29', '1996-08-26', '1996-08-06', 208.5800, 28, 10, 57, 'Berliner Platz 43', '80805'),
(10268, 'GROSR', 8, '1996-07-30', '1996-08-27', '1996-08-02', 66.2900, 34, 25, 21, '5ª Ave. Los Palos Grandes', '1081'),
(10269, 'WHITC', 5, '1996-07-31', '1996-08-14', '1996-08-09', 4.5600, 88, 24, 78, '1029 - 12th Ave. S.', '98124'),
(10270, 'WARTH', 1, '1996-08-01', '1996-08-29', '1996-08-02', 136.5400, 86, 8, 62, 'Torikatu 38', '90110'),
(10271, 'SPLIR', 6, '1996-08-01', '1996-08-29', '1996-08-30', 4.5400, 75, 24, 40, 'P.O. Box 555', '82520'),
(10272, 'RATTC', 6, '1996-08-02', '1996-08-30', '1996-08-06', 98.0300, 65, 24, 2, '2817 Milton Dr.', '87110'),
(10273, 'QUICK', 3, '1996-08-05', '1996-09-02', '1996-08-12', 76.0700, 63, 10, 26, 'Taucherstraße 10', '01307'),
(10274, 'VINET', 6, '1996-08-06', '1996-09-03', '1996-08-16', 6.0100, 85, 9, 69, '59 rue de l\'Abbaye', '51100'),
(10275, 'MAGAA', 1, '1996-08-07', '1996-09-04', '1996-08-09', 26.9300, 50, 12, 10, 'Via Ludovico il Moro 22', '24100'),
(10276, 'TORTU', 8, '1996-08-08', '1996-08-22', '1996-08-14', 13.8400, 80, 14, 54, 'Avda. Azteca 123', '05033'),
(10277, 'MORGK', 2, '1996-08-09', '1996-09-06', '1996-08-13', 125.7700, 53, 10, 42, 'Heerstr. 22', '04179'),
(10278, 'BERGS', 8, '1996-08-12', '1996-09-09', '1996-08-16', 92.6900, 7, 21, 46, 'Berguvsvägen  8', 'S-958 22'),
(10279, 'LEHMS', 8, '1996-08-13', '1996-09-10', '1996-08-16', 25.8300, 45, 10, 31, 'Magazinweg 7', '60528'),
(10280, 'BERGS', 2, '1996-08-14', '1996-09-11', '1996-09-12', 8.9800, 7, 21, 46, 'Berguvsvägen  8', 'S-958 22'),
(10281, 'ROMEY', 4, '1996-08-14', '1996-08-28', '1996-08-21', 2.9400, 69, 20, 49, 'Gran Vía, 1', '28001'),
(10282, 'ROMEY', 4, '1996-08-15', '1996-09-12', '1996-08-21', 12.6900, 69, 20, 49, 'Gran Vía, 1', '28001'),
(10283, 'LILAS', 3, '1996-08-16', '1996-09-13', '1996-08-23', 84.8100, 47, 25, 8, 'Carrera 52 con Ave. Bolívar #65-98 Llano Largo', '3508'),
(10284, 'LEHMS', 4, '1996-08-19', '1996-09-16', '1996-08-27', 76.5600, 45, 10, 31, 'Magazinweg 7', '60528'),
(10285, 'QUICK', 1, '1996-08-20', '1996-09-17', '1996-08-26', 76.8300, 63, 10, 26, 'Taucherstraße 10', '01307'),
(10286, 'QUICK', 8, '1996-08-21', '1996-09-18', '1996-08-30', 229.2400, 63, 10, 26, 'Taucherstraße 10', '01307'),
(10287, 'RICAR', 8, '1996-08-22', '1996-09-19', '1996-08-28', 12.7600, 67, 5, 71, 'Av. Copacabana, 267', '02389-890'),
(10288, 'REGGC', 4, '1996-08-23', '1996-09-20', '1996-09-03', 7.4500, 66, 12, 68, 'Strada Provinciale 124', '42100'),
(10289, 'BSBEV', 7, '1996-08-26', '1996-09-23', '1996-08-28', 22.7700, 6, 23, 45, 'Fauntleroy Circus', 'EC2 5NT'),
(10290, 'COMMI', 8, '1996-08-27', '1996-09-24', '1996-09-03', 79.7000, 16, 5, 77, 'Av. dos Lusíadas, 23', '05432-043'),
(10291, 'QUEDE', 6, '1996-08-27', '1996-09-24', '1996-09-04', 6.4000, 61, 5, 71, 'Rua da Panificadora, 12', '02389-673'),
(10292, 'TRADH', 1, '1996-08-28', '1996-09-25', '1996-09-02', 1.3500, 81, 5, 77, 'Av. Inês de Castro, 414', '05634-030'),
(10293, 'TORTU', 1, '1996-08-29', '1996-09-26', '1996-09-11', 21.1800, 80, 14, 54, 'Avda. Azteca 123', '05033'),
(10294, 'RATTC', 4, '1996-08-30', '1996-09-27', '1996-09-05', 147.2600, 65, 24, 2, '2817 Milton Dr.', '87110'),
(10295, 'VINET', 2, '1996-09-02', '1996-09-30', '1996-09-10', 1.1500, 85, 9, 69, '59 rue de l\'Abbaye', '51100'),
(10296, 'LILAS', 6, '1996-09-03', '1996-10-01', '1996-09-11', 0.1200, 47, 25, 8, 'Carrera 52 con Ave. Bolívar #65-98 Llano Largo', '3508'),
(10297, 'BLONP', 5, '1996-09-04', '1996-10-16', '1996-09-10', 5.7400, 9, 9, 84, '24, place Kléber', '67000'),
(10298, 'HUNGO', 6, '1996-09-05', '1996-10-03', '1996-09-11', 168.2200, 38, 11, 24, '8 Johnstown Road', NULL),
(10299, 'RICAR', 4, '1996-09-06', '1996-10-04', '1996-09-13', 29.7600, 67, 5, 71, 'Av. Copacabana, 267', '02389-890'),
(10300, 'MAGAA', 2, '1996-09-09', '1996-10-07', '1996-09-18', 17.6800, 50, 12, 10, 'Via Ludovico il Moro 22', '24100'),
(10301, 'WANDK', 8, '1996-09-09', '1996-10-07', '1996-09-17', 45.0800, 18, 10, 85, 'Adenauerallee 900', '70563'),
(10302, 'SUPRD', 4, '1996-09-10', '1996-10-08', '1996-10-09', 6.2700, 76, 4, 22, 'Boulevard Tirou, 255', 'B-6000'),
(10303, 'GODOS', 7, '1996-09-11', '1996-10-09', '1996-09-18', 107.8300, 31, 20, 79, 'C/ Romero, 33', '41101'),
(10304, 'TORTU', 1, '1996-09-12', '1996-10-10', '1996-09-17', 63.7900, 80, 14, 54, 'Avda. Azteca 123', '05033'),
(10305, 'OLDWO', 8, '1996-09-13', '1996-10-11', '1996-10-09', 257.6200, 56, 24, 3, '2743 Bering St.', '99508'),
(10306, 'ROMEY', 1, '1996-09-16', '1996-10-14', '1996-09-23', 7.5600, 69, 20, 49, 'Gran Vía, 1', '28001'),
(10307, 'LONEP', 2, '1996-09-17', '1996-10-15', '1996-09-25', 0.5600, 49, 24, 65, '89 Chiaroscuro Rd.', '97219'),
(10308, 'ANATR', 7, '1996-09-18', '1996-10-16', '1996-09-24', 1.6100, 3, 14, 54, 'Avda. de la Constitución 2222', '05021'),
(10309, 'HUNGO', 3, '1996-09-19', '1996-10-17', '1996-10-23', 47.3000, 38, 11, 24, '8 Johnstown Road', NULL),
(10310, 'THEBI', 8, '1996-09-20', '1996-10-18', '1996-09-27', 17.5200, 77, 24, 65, '89 Jefferson Way Suite 2', '97201'),
(10311, 'DUMON', 1, '1996-09-20', '1996-10-04', '1996-09-26', 24.6900, 20, 9, 59, '67, rue des Cinquante Otages', '44000'),
(10312, 'WANDK', 2, '1996-09-23', '1996-10-21', '1996-10-03', 40.2600, 18, 10, 85, 'Adenauerallee 900', '70563'),
(10313, 'QUICK', 2, '1996-09-24', '1996-10-22', '1996-10-04', 1.9600, 63, 10, 26, 'Taucherstraße 10', '01307'),
(10314, 'RATTC', 1, '1996-09-25', '1996-10-23', '1996-10-04', 74.1600, 65, 24, 2, '2817 Milton Dr.', '87110'),
(10315, 'ISLAT', 4, '1996-09-26', '1996-10-24', '1996-10-03', 41.7600, 39, 23, 25, 'Garden House Crowther Way', 'PO31 7PJ'),
(10316, 'RATTC', 1, '1996-09-27', '1996-10-25', '1996-10-08', 150.1500, 65, 24, 2, '2817 Milton Dr.', '87110'),
(10317, 'LONEP', 6, '1996-09-30', '1996-10-28', '1996-10-10', 12.6900, 49, 24, 65, '89 Chiaroscuro Rd.', '97219'),
(10318, 'ISLAT', 8, '1996-10-01', '1996-10-29', '1996-10-04', 4.7300, 39, 23, 25, 'Garden House Crowther Way', 'PO31 7PJ'),
(10319, 'TORTU', 7, '1996-10-02', '1996-10-30', '1996-10-11', 64.5000, 80, 14, 54, 'Avda. Azteca 123', '05033'),
(10320, 'WARTH', 5, '1996-10-03', '1996-10-17', '1996-10-18', 34.5700, 86, 8, 62, 'Torikatu 38', '90110'),
(10321, 'ISLAT', 3, '1996-10-03', '1996-10-31', '1996-10-11', 3.4300, 39, 23, 25, 'Garden House Crowther Way', 'PO31 7PJ'),
(10322, 'PERIC', 7, '1996-10-04', '1996-11-01', '1996-10-23', 0.4000, 58, 14, 54, 'Calle Dr. Jorge Cash 321', '05033'),
(10323, 'KOENE', 4, '1996-10-07', '1996-11-04', '1996-10-14', 4.8800, 40, 10, 16, 'Maubelstr. 90', '14776'),
(10324, 'SAVEA', 9, '1996-10-08', '1996-11-05', '1996-10-10', 214.2700, 71, 24, 13, '187 Suffolk Ln.', '83720'),
(10325, 'KOENE', 1, '1996-10-09', '1996-10-23', '1996-10-14', 64.8600, 40, 10, 16, 'Maubelstr. 90', '14776'),
(10326, 'BOLID', 4, '1996-10-10', '1996-11-07', '1996-10-14', 77.9200, 10, 20, 49, 'C/ Araquil, 67', '28023'),
(10327, 'FOLKO', 2, '1996-10-11', '1996-11-08', '1996-10-14', 63.3600, 25, 21, 15, 'Åkergatan 24', 'S-844 67'),
(10328, 'FURIB', 4, '1996-10-14', '1996-11-11', '1996-10-17', 87.0300, 29, 18, 44, 'Jardim das rosas n. 32', '1675'),
(10329, 'SPLIR', 4, '1996-10-15', '1996-11-26', '1996-10-23', 191.6700, 75, 24, 40, 'P.O. Box 555', '82520'),
(10330, 'LILAS', 3, '1996-10-16', '1996-11-13', '1996-10-28', 12.7500, 47, 25, 8, 'Carrera 52 con Ave. Bolívar #65-98 Llano Largo', '3508'),
(10331, 'BONAP', 9, '1996-10-16', '1996-11-27', '1996-10-21', 10.1900, 11, 9, 52, '12, rue des Bouchers', '13008'),
(10332, 'MEREP', 3, '1996-10-17', '1996-11-28', '1996-10-21', 52.8400, 52, 6, 56, '43 rue St. Laurent', 'H1J 1C3'),
(10333, 'WARTH', 5, '1996-10-18', '1996-11-15', '1996-10-25', 0.5900, 86, 8, 62, 'Torikatu 38', '90110'),
(10334, 'VICTE', 8, '1996-10-21', '1996-11-18', '1996-10-28', 8.5600, 84, 9, 48, '2, rue du Commerce', '69004'),
(10335, 'HUNGO', 7, '1996-10-22', '1996-11-19', '1996-10-24', 42.1100, 38, 11, 24, '8 Johnstown Road', NULL),
(10336, 'PRINI', 7, '1996-10-23', '1996-11-20', '1996-10-25', 15.5100, 60, 18, 44, 'Estrada da saúde n. 58', '1756'),
(10337, 'FRANK', 4, '1996-10-24', '1996-11-21', '1996-10-29', 108.2600, 28, 10, 57, 'Berliner Platz 43', '80805'),
(10338, 'OLDWO', 4, '1996-10-25', '1996-11-22', '1996-10-29', 84.2100, 56, 24, 3, '2743 Bering St.', '99508'),
(10339, 'MEREP', 2, '1996-10-28', '1996-11-25', '1996-11-04', 15.6600, 52, 6, 56, '43 rue St. Laurent', 'H1J 1C3'),
(10340, 'BONAP', 1, '1996-10-29', '1996-11-26', '1996-11-08', 166.3100, 11, 9, 52, '12, rue des Bouchers', '13008'),
(10341, 'SIMOB', 7, '1996-10-29', '1996-11-26', '1996-11-05', 26.7800, 73, 7, 38, 'Vinbæltet 34', '1734'),
(10342, 'FRANK', 4, '1996-10-30', '1996-11-13', '1996-11-04', 54.8300, 28, 10, 57, 'Berliner Platz 43', '80805'),
(10343, 'LEHMS', 4, '1996-10-31', '1996-11-28', '1996-11-06', 110.3700, 45, 10, 31, 'Magazinweg 7', '60528'),
(10344, 'WHITC', 4, '1996-11-01', '1996-11-29', '1996-11-05', 23.2900, 88, 24, 78, '1029 - 12th Ave. S.', '98124'),
(10345, 'QUICK', 2, '1996-11-04', '1996-12-02', '1996-11-11', 249.0600, 63, 10, 26, 'Taucherstraße 10', '01307'),
(10346, 'RATTC', 3, '1996-11-05', '1996-12-17', '1996-11-08', 142.0800, 65, 24, 2, '2817 Milton Dr.', '87110'),
(10347, 'FAMIA', 4, '1996-11-06', '1996-12-04', '1996-11-08', 3.1000, 23, 5, 77, 'Rua Orós, 92', '05442-030'),
(10348, 'WANDK', 4, '1996-11-07', '1996-12-05', '1996-11-15', 0.7800, 18, 10, 85, 'Adenauerallee 900', '70563'),
(10349, 'SPLIR', 7, '1996-11-08', '1996-12-06', '1996-11-15', 8.6300, 75, 24, 40, 'P.O. Box 555', '82520'),
(10350, 'LAMAI', 6, '1996-11-11', '1996-12-09', '1996-12-03', 64.1900, 42, 9, 90, '1 rue Alsace-Lorraine', '31000'),
(10351, 'ERNSH', 1, '1996-11-11', '1996-12-09', '1996-11-20', 162.3300, 22, 3, 34, 'Kirchgasse 6', '8010'),
(10352, 'FURIB', 3, '1996-11-12', '1996-11-26', '1996-11-18', 1.3000, 29, 18, 44, 'Jardim das rosas n. 32', '1675'),
(10353, 'PICCO', 7, '1996-11-13', '1996-12-11', '1996-11-25', 360.6300, 59, 3, 73, 'Geislweg 14', '5020'),
(10354, 'PERIC', 8, '1996-11-14', '1996-12-12', '1996-11-20', 53.8000, 58, 14, 54, 'Calle Dr. Jorge Cash 321', '05033'),
(10355, 'AROUT', 6, '1996-11-15', '1996-12-13', '1996-11-20', 41.9500, 5, 23, 23, 'Brook Farm Stratford St. Mary', 'CO7 6JX'),
(10356, 'WANDK', 6, '1996-11-18', '1996-12-16', '1996-11-27', 36.7100, 18, 10, 85, 'Adenauerallee 900', '70563'),
(10357, 'LILAS', 1, '1996-11-19', '1996-12-17', '1996-12-02', 34.8800, 47, 25, 8, 'Carrera 52 con Ave. Bolívar #65-98 Llano Largo', '3508'),
(10358, 'LAMAI', 5, '1996-11-20', '1996-12-18', '1996-11-27', 19.6400, 42, 9, 90, '1 rue Alsace-Lorraine', '31000'),
(10359, 'SEVES', 5, '1996-11-21', '1996-12-19', '1996-11-26', 288.4300, 72, 23, 45, '90 Wadhurst Rd.', 'OX15 4NB'),
(10360, 'BLONP', 4, '1996-11-22', '1996-12-20', '1996-12-02', 131.7000, 9, 9, 84, '24, place Kléber', '67000'),
(10361, 'QUICK', 1, '1996-11-22', '1996-12-20', '1996-12-03', 183.1700, 63, 10, 26, 'Taucherstraße 10', '01307'),
(10362, 'BONAP', 3, '1996-11-25', '1996-12-23', '1996-11-28', 96.0400, 11, 9, 52, '12, rue des Bouchers', '13008'),
(10363, 'DRACD', 4, '1996-11-26', '1996-12-24', '1996-12-04', 30.5400, 19, 10, 1, 'Walserweg 21', '52066'),
(10364, 'EASTC', 1, '1996-11-26', '1997-01-07', '1996-12-04', 71.9700, 21, 23, 45, '35 King George', 'WX3 6FW'),
(10365, 'ANTON', 3, '1996-11-27', '1996-12-25', '1996-12-02', 22.0000, 4, 14, 54, 'Mataderos  2312', '05023'),
(10366, 'GALED', 8, '1996-11-28', '1997-01-09', '1996-12-30', 10.1400, 30, 20, 7, 'Rambla de Cataluña, 23', '8022'),
(10367, 'VAFFE', 7, '1996-11-28', '1996-12-26', '1996-12-02', 13.5500, 83, 7, 6, 'Smagsloget 45', '8200'),
(10368, 'ERNSH', 2, '1996-11-29', '1996-12-27', '1996-12-02', 101.9500, 22, 3, 34, 'Kirchgasse 6', '8010'),
(10369, 'SPLIR', 8, '1996-12-02', '1996-12-30', '1996-12-09', 195.6800, 75, 24, 40, 'P.O. Box 555', '82520'),
(10370, 'CHOPS', 6, '1996-12-03', '1996-12-31', '1996-12-27', 1.1700, 15, 22, 12, 'Hauptstr. 31', '3012'),
(10371, 'LAMAI', 1, '1996-12-03', '1996-12-31', '1996-12-24', 0.4500, 42, 9, 90, '1 rue Alsace-Lorraine', '31000'),
(10372, 'QUEEN', 5, '1996-12-04', '1997-01-01', '1996-12-09', 890.7800, 62, 5, 77, 'Alameda dos Canàrios, 891', '05487-020'),
(10373, 'HUNGO', 4, '1996-12-05', '1997-01-02', '1996-12-11', 124.1200, 38, 11, 24, '8 Johnstown Road', NULL),
(10374, 'WOLZA', 1, '1996-12-05', '1997-01-02', '1996-12-09', 3.9400, 90, 17, 95, 'ul. Filtrowa 68', '01-012'),
(10375, 'HUNGC', 3, '1996-12-06', '1997-01-03', '1996-12-09', 20.1200, 37, 24, 28, 'City Center Plaza 516 Main St.', '97827'),
(10376, 'MEREP', 1, '1996-12-09', '1997-01-06', '1996-12-13', 20.3900, 52, 6, 56, '43 rue St. Laurent', 'H1J 1C3'),
(10377, 'SEVES', 1, '1996-12-09', '1997-01-06', '1996-12-13', 22.2100, 72, 23, 45, '90 Wadhurst Rd.', 'OX15 4NB'),
(10378, 'FOLKO', 5, '1996-12-10', '1997-01-07', '1996-12-19', 5.4400, 25, 21, 15, 'Åkergatan 24', 'S-844 67'),
(10379, 'QUEDE', 2, '1996-12-11', '1997-01-08', '1996-12-13', 45.0300, 61, 5, 71, 'Rua da Panificadora, 12', '02389-673'),
(10380, 'HUNGO', 8, '1996-12-12', '1997-01-09', '1997-01-16', 35.0300, 38, 11, 24, '8 Johnstown Road', NULL),
(10381, 'LILAS', 3, '1996-12-12', '1997-01-09', '1996-12-13', 7.9900, 47, 25, 8, 'Carrera 52 con Ave. Bolívar #65-98 Llano Largo', '3508'),
(10382, 'ERNSH', 4, '1996-12-13', '1997-01-10', '1996-12-16', 94.7700, 22, 3, 34, 'Kirchgasse 6', '8010'),
(10383, 'AROUT', 8, '1996-12-16', '1997-01-13', '1996-12-18', 34.2400, 5, 23, 23, 'Brook Farm Stratford St. Mary', 'CO7 6JX'),
(10384, 'BERGS', 3, '1996-12-16', '1997-01-13', '1996-12-20', 168.6400, 7, 21, 46, 'Berguvsvägen  8', 'S-958 22'),
(10385, 'SPLIR', 1, '1996-12-17', '1997-01-14', '1996-12-23', 30.9600, 75, 24, 40, 'P.O. Box 555', '82520'),
(10386, 'FAMIA', 9, '1996-12-18', '1997-01-01', '1996-12-25', 13.9900, 23, 5, 77, 'Rua Orós, 92', '05442-030'),
(10387, 'SANTG', 1, '1996-12-18', '1997-01-15', '1996-12-20', 93.6300, 70, 16, 81, 'Erling Skakkes gate 78', '4110'),
(10388, 'SEVES', 2, '1996-12-19', '1997-01-16', '1996-12-20', 34.8600, 72, 23, 45, '90 Wadhurst Rd.', 'OX15 4NB'),
(10389, 'BOTTM', 4, '1996-12-20', '1997-01-17', '1996-12-24', 47.4200, 12, 6, 91, '23 Tsawassen Blvd.', 'T2F 8M4'),
(10390, 'ERNSH', 6, '1996-12-23', '1997-01-20', '1996-12-26', 126.3800, 22, 3, 34, 'Kirchgasse 6', '8010'),
(10391, 'DRACD', 3, '1996-12-23', '1997-01-20', '1996-12-31', 5.4500, 19, 10, 1, 'Walserweg 21', '52066'),
(10392, 'PICCO', 2, '1996-12-24', '1997-01-21', '1997-01-01', 122.4600, 59, 3, 73, 'Geislweg 14', '5020'),
(10393, 'SAVEA', 1, '1996-12-25', '1997-01-22', '1997-01-03', 126.5600, 71, 24, 13, '187 Suffolk Ln.', '83720'),
(10394, 'HUNGC', 1, '1996-12-25', '1997-01-22', '1997-01-03', 30.3400, 37, 24, 28, 'City Center Plaza 516 Main St.', '97827'),
(10395, 'HILAA', 6, '1996-12-26', '1997-01-23', '1997-01-03', 184.4100, 36, 25, 74, 'Carrera 22 con Ave. Carlos Soublette #8-35', '5022'),
(10396, 'FRANK', 1, '1996-12-27', '1997-01-10', '1997-01-06', 135.3500, 28, 10, 57, 'Berliner Platz 43', '80805'),
(10397, 'PRINI', 5, '1996-12-27', '1997-01-24', '1997-01-02', 60.2600, 60, 18, 44, 'Estrada da saúde n. 58', '1756'),
(10398, 'SAVEA', 2, '1996-12-30', '1997-01-27', '1997-01-09', 89.1600, 71, 24, 13, '187 Suffolk Ln.', '83720'),
(10399, 'VAFFE', 8, '1996-12-31', '1997-01-14', '1997-01-08', 27.3600, 83, 7, 6, 'Smagsloget 45', '8200'),
(10400, 'EASTC', 1, '1997-01-01', '1997-01-29', '1997-01-16', 83.9300, 21, 23, 45, '35 King George', 'WX3 6FW'),
(10401, 'RATTC', 1, '1997-01-01', '1997-01-29', '1997-01-10', 12.5100, 65, 24, 2, '2817 Milton Dr.', '87110'),
(10402, 'ERNSH', 8, '1997-01-02', '1997-02-13', '1997-01-10', 67.8800, 22, 3, 34, 'Kirchgasse 6', '8010'),
(10403, 'ERNSH', 4, '1997-01-03', '1997-01-31', '1997-01-09', 73.7900, 22, 3, 34, 'Kirchgasse 6', '8010'),
(10404, 'MAGAA', 2, '1997-01-03', '1997-01-31', '1997-01-08', 155.9700, 50, 12, 10, 'Via Ludovico il Moro 22', '24100'),
(10405, 'LINOD', 1, '1997-01-06', '1997-02-03', '1997-01-22', 34.8200, 48, 25, 36, 'Ave. 5 de Mayo Porlamar', '4980'),
(10406, 'QUEEN', 7, '1997-01-07', '1997-02-18', '1997-01-13', 108.0400, 62, 5, 77, 'Alameda dos Canàrios, 891', '05487-020'),
(10407, 'OTTIK', 2, '1997-01-07', '1997-02-04', '1997-01-30', 91.4800, 57, 10, 39, 'Mehrheimerstr. 369', '50739'),
(10408, 'FOLIG', 8, '1997-01-08', '1997-02-05', '1997-01-14', 11.2600, 24, 9, 43, '184, chaussée de Tournai', '59000'),
(10409, 'OCEAN', 3, '1997-01-09', '1997-02-06', '1997-01-14', 29.8300, 55, 1, 18, 'Ing. Gustavo Moncada 8585 Piso 20-A', '1010'),
(10410, 'BOTTM', 3, '1997-01-10', '1997-02-07', '1997-01-15', 2.4000, 12, 6, 91, '23 Tsawassen Blvd.', 'T2F 8M4'),
(10411, 'BOTTM', 9, '1997-01-10', '1997-02-07', '1997-01-21', 23.6500, 12, 6, 91, '23 Tsawassen Blvd.', 'T2F 8M4'),
(10412, 'WARTH', 8, '1997-01-13', '1997-02-10', '1997-01-15', 3.7700, 86, 8, 62, 'Torikatu 38', '90110'),
(10413, 'LAMAI', 3, '1997-01-14', '1997-02-11', '1997-01-16', 95.6600, 42, 9, 90, '1 rue Alsace-Lorraine', '31000'),
(10414, 'FAMIA', 2, '1997-01-14', '1997-02-11', '1997-01-17', 21.4800, 23, 5, 77, 'Rua Orós, 92', '05442-030'),
(10415, 'HUNGC', 3, '1997-01-15', '1997-02-12', '1997-01-24', 0.2000, 37, 24, 28, 'City Center Plaza 516 Main St.', '97827'),
(10416, 'WARTH', 8, '1997-01-16', '1997-02-13', '1997-01-27', 22.7200, 86, 8, 62, 'Torikatu 38', '90110'),
(10417, 'SIMOB', 4, '1997-01-16', '1997-02-13', '1997-01-28', 70.2900, 73, 7, 38, 'Vinbæltet 34', '1734'),
(10418, 'QUICK', 4, '1997-01-17', '1997-02-14', '1997-01-24', 17.5500, 63, 10, 26, 'Taucherstraße 10', '01307'),
(10419, 'RICSU', 4, '1997-01-20', '1997-02-17', '1997-01-30', 137.3500, 68, 22, 32, 'Starenweg 5', '1204'),
(10420, 'WELLI', 3, '1997-01-21', '1997-02-18', '1997-01-27', 44.1200, 87, 5, 70, 'Rua do Mercado, 12', '08737-363'),
(10421, 'QUEDE', 8, '1997-01-21', '1997-03-04', '1997-01-27', 99.2300, 61, 5, 71, 'Rua da Panificadora, 12', '02389-673'),
(10422, 'FRANS', 2, '1997-01-22', '1997-02-19', '1997-01-31', 3.0200, 27, 12, 89, 'Via Monte Bianco 34', '10100'),
(10423, 'GOURL', 6, '1997-01-23', '1997-02-06', '1997-02-24', 24.5000, 32, 5, 20, 'Av. Brasil, 442', '04876-786'),
(10424, 'MEREP', 7, '1997-01-23', '1997-02-20', '1997-01-27', 370.6100, 52, 6, 56, '43 rue St. Laurent', 'H1J 1C3'),
(10425, 'LAMAI', 6, '1997-01-24', '1997-02-21', '1997-02-14', 7.9300, 42, 9, 90, '1 rue Alsace-Lorraine', '31000'),
(10426, 'GALED', 4, '1997-01-27', '1997-02-24', '1997-02-06', 18.6900, 30, 20, 7, 'Rambla de Cataluña, 23', '8022'),
(10427, 'PICCO', 4, '1997-01-27', '1997-02-24', '1997-03-03', 31.2900, 59, 3, 73, 'Geislweg 14', '5020'),
(10428, 'REGGC', 7, '1997-01-28', '1997-02-25', '1997-02-04', 11.0900, 66, 12, 68, 'Strada Provinciale 124', '42100'),
(10429, 'HUNGO', 3, '1997-01-29', '1997-03-12', '1997-02-07', 56.6300, 38, 11, 24, '8 Johnstown Road', NULL),
(10430, 'ERNSH', 4, '1997-01-30', '1997-02-13', '1997-02-03', 458.7800, 22, 3, 34, 'Kirchgasse 6', '8010'),
(10431, 'BOTTM', 4, '1997-01-30', '1997-02-13', '1997-02-07', 44.1700, 12, 6, 91, '23 Tsawassen Blvd.', 'T2F 8M4'),
(10432, 'SPLIR', 3, '1997-01-31', '1997-02-14', '1997-02-07', 4.3400, 75, 24, 40, 'P.O. Box 555', '82520'),
(10433, 'PRINI', 3, '1997-02-03', '1997-03-03', '1997-03-04', 73.8300, 60, 18, 44, 'Estrada da saúde n. 58', '1756'),
(10434, 'FOLKO', 3, '1997-02-03', '1997-03-03', '1997-02-13', 17.9200, 25, 21, 15, 'Åkergatan 24', 'S-844 67'),
(10435, 'CONSH', 8, '1997-02-04', '1997-03-18', '1997-02-07', 9.2100, 17, 23, 45, 'Berkeley Gardens 12  Brewery', 'WX1 6LT'),
(10436, 'BLONP', 3, '1997-02-05', '1997-03-05', '1997-02-11', 156.6600, 9, 9, 84, '24, place Kléber', '67000'),
(10437, 'WARTH', 8, '1997-02-05', '1997-03-05', '1997-02-12', 19.9700, 86, 8, 62, 'Torikatu 38', '90110'),
(10438, 'TOMSP', 3, '1997-02-06', '1997-03-06', '1997-02-14', 8.2400, 79, 10, 58, 'Luisenstr. 48', '44087'),
(10439, 'MEREP', 6, '1997-02-07', '1997-03-07', '1997-02-10', 4.0700, 52, 6, 56, '43 rue St. Laurent', 'H1J 1C3'),
(10440, 'SAVEA', 4, '1997-02-10', '1997-03-10', '1997-02-28', 86.5300, 71, 24, 13, '187 Suffolk Ln.', '83720'),
(10441, 'OLDWO', 3, '1997-02-10', '1997-03-24', '1997-03-14', 73.0200, 56, 24, 3, '2743 Bering St.', '99508'),
(10442, 'ERNSH', 3, '1997-02-11', '1997-03-11', '1997-02-18', 47.9400, 22, 3, 34, 'Kirchgasse 6', '8010'),
(10443, 'REGGC', 8, '1997-02-12', '1997-03-12', '1997-02-14', 13.9500, 66, 12, 68, 'Strada Provinciale 124', '42100'),
(10444, 'BERGS', 3, '1997-02-12', '1997-03-12', '1997-02-21', 3.5000, 7, 21, 46, 'Berguvsvägen  8', 'S-958 22'),
(10445, 'BERGS', 3, '1997-02-13', '1997-03-13', '1997-02-20', 9.3000, 7, 21, 46, 'Berguvsvägen  8', 'S-958 22'),
(10446, 'TOMSP', 6, '1997-02-14', '1997-03-14', '1997-02-19', 14.6800, 79, 10, 58, 'Luisenstr. 48', '44087'),
(10447, 'RICAR', 4, '1997-02-14', '1997-03-14', '1997-03-07', 68.6600, 67, 5, 71, 'Av. Copacabana, 267', '02389-890'),
(10448, 'RANCH', 4, '1997-02-17', '1997-03-17', '1997-02-24', 38.8200, 64, 1, 18, 'Av. del Libertador 900', '1010'),
(10449, 'BLONP', 3, '1997-02-18', '1997-03-18', '1997-02-27', 53.3000, 9, 9, 84, '24, place Kléber', '67000'),
(10450, 'VICTE', 8, '1997-02-19', '1997-03-19', '1997-03-11', 7.2300, 84, 9, 48, '2, rue du Commerce', '69004'),
(10451, 'QUICK', 4, '1997-02-19', '1997-03-05', '1997-03-12', 189.0900, 63, 10, 26, 'Taucherstraße 10', '01307'),
(10452, 'SAVEA', 8, '1997-02-20', '1997-03-20', '1997-02-26', 140.2600, 71, 24, 13, '187 Suffolk Ln.', '83720'),
(10453, 'AROUT', 1, '1997-02-21', '1997-03-21', '1997-02-26', 25.3600, 5, 23, 23, 'Brook Farm Stratford St. Mary', 'CO7 6JX'),
(10454, 'LAMAI', 4, '1997-02-21', '1997-03-21', '1997-02-25', 2.7400, 42, 9, 90, '1 rue Alsace-Lorraine', '31000'),
(10455, 'WARTH', 8, '1997-02-24', '1997-04-07', '1997-03-03', 180.4500, 86, 8, 62, 'Torikatu 38', '90110'),
(10456, 'KOENE', 8, '1997-02-25', '1997-04-08', '1997-02-28', 8.1200, 40, 10, 16, 'Maubelstr. 90', '14776'),
(10457, 'KOENE', 2, '1997-02-25', '1997-03-25', '1997-03-03', 11.5700, 40, 10, 16, 'Maubelstr. 90', '14776'),
(10458, 'SUPRD', 7, '1997-02-26', '1997-03-26', '1997-03-04', 147.0600, 76, 4, 22, 'Boulevard Tirou, 255', 'B-6000'),
(10459, 'VICTE', 4, '1997-02-27', '1997-03-27', '1997-02-28', 25.0900, 84, 9, 48, '2, rue du Commerce', '69004'),
(10460, 'FOLKO', 8, '1997-02-28', '1997-03-28', '1997-03-03', 16.2700, 25, 21, 15, 'Åkergatan 24', 'S-844 67'),
(10461, 'LILAS', 1, '1997-02-28', '1997-03-28', '1997-03-05', 148.6100, 47, 25, 8, 'Carrera 52 con Ave. Bolívar #65-98 Llano Largo', '3508'),
(10462, 'CONSH', 2, '1997-03-03', '1997-03-31', '1997-03-18', 6.1700, 17, 23, 45, 'Berkeley Gardens 12  Brewery', 'WX1 6LT'),
(10463, 'SUPRD', 5, '1997-03-04', '1997-04-01', '1997-03-06', 14.7800, 76, 4, 22, 'Boulevard Tirou, 255', 'B-6000'),
(10464, 'FURIB', 4, '1997-03-04', '1997-04-01', '1997-03-14', 89.0000, 29, 18, 44, 'Jardim das rosas n. 32', '1675'),
(10465, 'VAFFE', 1, '1997-03-05', '1997-04-02', '1997-03-14', 145.0400, 83, 7, 6, 'Smagsloget 45', '8200'),
(10466, 'COMMI', 4, '1997-03-06', '1997-04-03', '1997-03-13', 11.9300, 16, 5, 77, 'Av. dos Lusíadas, 23', '05432-043'),
(10467, 'MAGAA', 8, '1997-03-06', '1997-04-03', '1997-03-11', 4.9300, 50, 12, 10, 'Via Ludovico il Moro 22', '24100'),
(10468, 'KOENE', 3, '1997-03-07', '1997-04-04', '1997-03-12', 44.1200, 40, 10, 16, 'Maubelstr. 90', '14776'),
(10469, 'WHITC', 1, '1997-03-10', '1997-04-07', '1997-03-14', 60.1800, 88, 24, 78, '1029 - 12th Ave. S.', '98124'),
(10470, 'BONAP', 4, '1997-03-11', '1997-04-08', '1997-03-14', 64.5600, 11, 9, 52, '12, rue des Bouchers', '13008'),
(10471, 'BSBEV', 2, '1997-03-11', '1997-04-08', '1997-03-18', 45.5900, 6, 23, 45, 'Fauntleroy Circus', 'EC2 5NT'),
(10472, 'SEVES', 8, '1997-03-12', '1997-04-09', '1997-03-19', 4.2000, 72, 23, 45, '90 Wadhurst Rd.', 'OX15 4NB'),
(10473, 'ISLAT', 1, '1997-03-13', '1997-03-27', '1997-03-21', 16.3700, 39, 23, 25, 'Garden House Crowther Way', 'PO31 7PJ'),
(10474, 'PERIC', 5, '1997-03-13', '1997-04-10', '1997-03-21', 83.4900, 58, 14, 54, 'Calle Dr. Jorge Cash 321', '05033'),
(10475, 'SUPRD', 9, '1997-03-14', '1997-04-11', '1997-04-04', 68.5200, 76, 4, 22, 'Boulevard Tirou, 255', 'B-6000'),
(10476, 'HILAA', 8, '1997-03-17', '1997-04-14', '1997-03-24', 4.4100, 36, 25, 74, 'Carrera 22 con Ave. Carlos Soublette #8-35', '5022'),
(10477, 'PRINI', 5, '1997-03-17', '1997-04-14', '1997-03-25', 13.0200, 60, 18, 44, 'Estrada da saúde n. 58', '1756'),
(10478, 'VICTE', 2, '1997-03-18', '1997-04-01', '1997-03-26', 4.8100, 84, 9, 48, '2, rue du Commerce', '69004'),
(10479, 'RATTC', 3, '1997-03-19', '1997-04-16', '1997-03-21', 708.9500, 65, 24, 2, '2817 Milton Dr.', '87110'),
(10480, 'FOLIG', 6, '1997-03-20', '1997-04-17', '1997-03-24', 1.3500, 24, 9, 43, '184, chaussée de Tournai', '59000'),
(10481, 'RICAR', 8, '1997-03-20', '1997-04-17', '1997-03-25', 64.3300, 67, 5, 71, 'Av. Copacabana, 267', '02389-890'),
(10482, 'LAZYK', 1, '1997-03-21', '1997-04-18', '1997-04-10', 7.4800, 44, 24, 94, '12 Orchestra Terrace', '99362'),
(10483, 'WHITC', 7, '1997-03-24', '1997-04-21', '1997-04-25', 15.2800, 88, 24, 78, '1029 - 12th Ave. S.', '98124'),
(10484, 'BSBEV', 3, '1997-03-24', '1997-04-21', '1997-04-01', 6.8800, 6, 23, 45, 'Fauntleroy Circus', 'EC2 5NT'),
(10485, 'LINOD', 4, '1997-03-25', '1997-04-08', '1997-03-31', 64.4500, 48, 25, 36, 'Ave. 5 de Mayo Porlamar', '4980'),
(10486, 'HILAA', 1, '1997-03-26', '1997-04-23', '1997-04-02', 30.5300, 36, 25, 74, 'Carrera 22 con Ave. Carlos Soublette #8-35', '5022'),
(10487, 'QUEEN', 2, '1997-03-26', '1997-04-23', '1997-03-28', 71.0700, 62, 5, 77, 'Alameda dos Canàrios, 891', '05487-020'),
(10488, 'FRANK', 8, '1997-03-27', '1997-04-24', '1997-04-02', 4.9300, 28, 10, 57, 'Berliner Platz 43', '80805'),
(10489, 'PICCO', 6, '1997-03-28', '1997-04-25', '1997-04-09', 5.2900, 59, 3, 73, 'Geislweg 14', '5020'),
(10490, 'HILAA', 7, '1997-03-31', '1997-04-28', '1997-04-03', 210.1900, 36, 25, 74, 'Carrera 22 con Ave. Carlos Soublette #8-35', '5022'),
(10491, 'FURIB', 8, '1997-03-31', '1997-04-28', '1997-04-08', 16.9600, 29, 18, 44, 'Jardim das rosas n. 32', '1675'),
(10492, 'BOTTM', 3, '1997-04-01', '1997-04-29', '1997-04-11', 62.8900, 12, 6, 91, '23 Tsawassen Blvd.', 'T2F 8M4'),
(10493, 'LAMAI', 4, '1997-04-02', '1997-04-30', '1997-04-10', 10.6400, 42, 9, 90, '1 rue Alsace-Lorraine', '31000'),
(10494, 'COMMI', 4, '1997-04-02', '1997-04-30', '1997-04-09', 65.9900, 16, 5, 77, 'Av. dos Lusíadas, 23', '05432-043'),
(10495, 'LAUGB', 3, '1997-04-03', '1997-05-01', '1997-04-11', 4.6500, 43, 6, 92, '2319 Elm St.', 'V3F 2K1'),
(10496, 'TRADH', 7, '1997-04-04', '1997-05-02', '1997-04-07', 46.7700, 81, 5, 77, 'Av. Inês de Castro, 414', '05634-030'),
(10497, 'LEHMS', 7, '1997-04-04', '1997-05-02', '1997-04-07', 36.2100, 45, 10, 31, 'Magazinweg 7', '60528'),
(10498, 'HILAA', 8, '1997-04-07', '1997-05-05', '1997-04-11', 29.7500, 36, 25, 74, 'Carrera 22 con Ave. Carlos Soublette #8-35', '5022'),
(10499, 'LILAS', 4, '1997-04-08', '1997-05-06', '1997-04-16', 102.0200, 47, 25, 8, 'Carrera 52 con Ave. Bolívar #65-98 Llano Largo', '3508'),
(10500, 'LAMAI', 6, '1997-04-09', '1997-05-07', '1997-04-17', 42.6800, 42, 9, 90, '1 rue Alsace-Lorraine', '31000'),
(10501, 'BLAUS', 9, '1997-04-09', '1997-05-07', '1997-04-16', 8.8500, 8, 10, 51, 'Forsterstr. 57', '68306'),
(10502, 'PERIC', 2, '1997-04-10', '1997-05-08', '1997-04-29', 69.3200, 58, 14, 54, 'Calle Dr. Jorge Cash 321', '05033'),
(10503, 'HUNGO', 6, '1997-04-11', '1997-05-09', '1997-04-16', 16.7400, 38, 11, 24, '8 Johnstown Road', NULL),
(10504, 'WHITC', 4, '1997-04-11', '1997-05-09', '1997-04-18', 59.1300, 88, 24, 78, '1029 - 12th Ave. S.', '98124'),
(10505, 'MEREP', 3, '1997-04-14', '1997-05-12', '1997-04-21', 7.1300, 52, 6, 56, '43 rue St. Laurent', 'H1J 1C3'),
(10506, 'KOENE', 9, '1997-04-15', '1997-05-13', '1997-05-02', 21.1900, 40, 10, 16, 'Maubelstr. 90', '14776'),
(10507, 'ANTON', 7, '1997-04-15', '1997-05-13', '1997-04-22', 47.4500, 4, 14, 54, 'Mataderos  2312', '05023'),
(10508, 'OTTIK', 1, '1997-04-16', '1997-05-14', '1997-05-13', 4.9900, 57, 10, 39, 'Mehrheimerstr. 369', '50739'),
(10509, 'BLAUS', 4, '1997-04-17', '1997-05-15', '1997-04-29', 0.1500, 8, 10, 51, 'Forsterstr. 57', '68306'),
(10510, 'SAVEA', 6, '1997-04-18', '1997-05-16', '1997-04-28', 367.6300, 71, 24, 13, '187 Suffolk Ln.', '83720'),
(10511, 'BONAP', 4, '1997-04-18', '1997-05-16', '1997-04-21', 350.6400, 11, 9, 52, '12, rue des Bouchers', '13008'),
(10512, 'FAMIA', 7, '1997-04-21', '1997-05-19', '1997-04-24', 3.5300, 23, 5, 77, 'Rua Orós, 92', '05442-030'),
(10513, 'WANDK', 7, '1997-04-22', '1997-06-03', '1997-04-28', 105.6500, 18, 10, 85, 'Adenauerallee 900', '70563'),
(10514, 'ERNSH', 3, '1997-04-22', '1997-05-20', '1997-05-16', 789.9500, 22, 3, 34, 'Kirchgasse 6', '8010'),
(10515, 'QUICK', 2, '1997-04-23', '1997-05-07', '1997-05-23', 204.4700, 63, 10, 26, 'Taucherstraße 10', '01307'),
(10516, 'HUNGO', 2, '1997-04-24', '1997-05-22', '1997-05-01', 62.7800, 38, 11, 24, '8 Johnstown Road', NULL),
(10517, 'NORTS', 3, '1997-04-24', '1997-05-22', '1997-04-29', 32.0700, 54, 23, 45, 'South House 300 Queensbridge', 'SW7 1RZ'),
(10518, 'TORTU', 4, '1997-04-25', '1997-05-09', '1997-05-05', 218.1500, 80, 14, 54, 'Avda. Azteca 123', '05033'),
(10519, 'CHOPS', 6, '1997-04-28', '1997-05-26', '1997-05-01', 91.7600, 15, 22, 12, 'Hauptstr. 31', '3012'),
(10520, 'SANTG', 7, '1997-04-29', '1997-05-27', '1997-05-01', 13.3700, 70, 16, 81, 'Erling Skakkes gate 78', '4110'),
(10521, 'CACTU', 8, '1997-04-29', '1997-05-27', '1997-05-02', 17.2200, 13, 1, 18, 'Cerrito 333', '1010'),
(10522, 'LEHMS', 4, '1997-04-30', '1997-05-28', '1997-05-06', 45.3300, 45, 10, 31, 'Magazinweg 7', '60528'),
(10523, 'SEVES', 7, '1997-05-01', '1997-05-29', '1997-05-30', 77.6300, 72, 23, 45, '90 Wadhurst Rd.', 'OX15 4NB'),
(10524, 'BERGS', 1, '1997-05-01', '1997-05-29', '1997-05-07', 244.7900, 7, 21, 46, 'Berguvsvägen  8', 'S-958 22'),
(10525, 'BONAP', 1, '1997-05-02', '1997-05-30', '1997-05-23', 11.0600, 11, 9, 52, '12, rue des Bouchers', '13008'),
(10526, 'WARTH', 4, '1997-05-05', '1997-06-02', '1997-05-15', 58.5900, 86, 8, 62, 'Torikatu 38', '90110'),
(10527, 'QUICK', 7, '1997-05-05', '1997-06-02', '1997-05-07', 41.9000, 63, 10, 26, 'Taucherstraße 10', '01307'),
(10528, 'GREAL', 6, '1997-05-06', '1997-05-20', '1997-05-09', 3.3500, 33, 24, 29, '2732 Baker Blvd.', '97403'),
(10529, 'MAISD', 5, '1997-05-07', '1997-06-04', '1997-05-09', 66.6900, 51, 4, 17, 'Rue Joseph-Bens 532', 'B-1180'),
(10530, 'PICCO', 3, '1997-05-08', '1997-06-05', '1997-05-12', 339.2200, 59, 3, 73, 'Geislweg 14', '5020'),
(10531, 'OCEAN', 7, '1997-05-08', '1997-06-05', '1997-05-19', 8.1200, 55, 1, 18, 'Ing. Gustavo Moncada 8585 Piso 20-A', '1010'),
(10532, 'EASTC', 7, '1997-05-09', '1997-06-06', '1997-05-12', 74.4600, 21, 23, 45, '35 King George', 'WX3 6FW'),
(10533, 'FOLKO', 8, '1997-05-12', '1997-06-09', '1997-05-22', 188.0400, 25, 21, 15, 'Åkergatan 24', 'S-844 67'),
(10534, 'LEHMS', 8, '1997-05-12', '1997-06-09', '1997-05-14', 27.9400, 45, 10, 31, 'Magazinweg 7', '60528'),
(10535, 'ANTON', 4, '1997-05-13', '1997-06-10', '1997-05-21', 15.6400, 4, 14, 54, 'Mataderos  2312', '05023'),
(10536, 'LEHMS', 3, '1997-05-14', '1997-06-11', '1997-06-06', 58.8800, 45, 10, 31, 'Magazinweg 7', '60528'),
(10537, 'RICSU', 1, '1997-05-14', '1997-05-28', '1997-05-19', 78.8500, 68, 22, 32, 'Starenweg 5', '1204'),
(10538, 'BSBEV', 9, '1997-05-15', '1997-06-12', '1997-05-16', 4.8700, 6, 23, 45, 'Fauntleroy Circus', 'EC2 5NT'),
(10539, 'BSBEV', 6, '1997-05-16', '1997-06-13', '1997-05-23', 12.3600, 6, 23, 45, 'Fauntleroy Circus', 'EC2 5NT'),
(10540, 'QUICK', 3, '1997-05-19', '1997-06-16', '1997-06-13', 1007.6400, 63, 10, 26, 'Taucherstraße 10', '01307'),
(10541, 'HANAR', 2, '1997-05-19', '1997-06-16', '1997-05-29', 68.6500, 35, 5, 71, 'Rua do Paço, 67', '05454-876'),
(10542, 'KOENE', 1, '1997-05-20', '1997-06-17', '1997-05-26', 10.9500, 40, 10, 16, 'Maubelstr. 90', '14776'),
(10543, 'LILAS', 8, '1997-05-21', '1997-06-18', '1997-05-23', 48.1700, 47, 25, 8, 'Carrera 52 con Ave. Bolívar #65-98 Llano Largo', '3508'),
(10544, 'LONEP', 4, '1997-05-21', '1997-06-18', '1997-05-30', 24.9100, 49, 24, 65, '89 Chiaroscuro Rd.', '97219'),
(10545, 'LAZYK', 8, '1997-05-22', '1997-06-19', '1997-06-26', 11.9200, 44, 24, 94, '12 Orchestra Terrace', '99362'),
(10546, 'VICTE', 1, '1997-05-23', '1997-06-20', '1997-05-27', 194.7200, 84, 9, 48, '2, rue du Commerce', '69004'),
(10547, 'SEVES', 3, '1997-05-23', '1997-06-20', '1997-06-02', 178.4300, 72, 23, 45, '90 Wadhurst Rd.', 'OX15 4NB'),
(10548, 'TOMSP', 3, '1997-05-26', '1997-06-23', '1997-06-02', 1.4300, 79, 10, 58, 'Luisenstr. 48', '44087'),
(10549, 'QUICK', 5, '1997-05-27', '1997-06-10', '1997-05-30', 171.2400, 63, 10, 26, 'Taucherstraße 10', '01307'),
(10550, 'GODOS', 7, '1997-05-28', '1997-06-25', '1997-06-06', 4.3200, 31, 20, 79, 'C/ Romero, 33', '41101'),
(10551, 'FURIB', 4, '1997-05-28', '1997-07-09', '1997-06-06', 72.9500, 29, 18, 44, 'Jardim das rosas n. 32', '1675'),
(10552, 'HILAA', 2, '1997-05-29', '1997-06-26', '1997-06-05', 83.2200, 36, 25, 74, 'Carrera 22 con Ave. Carlos Soublette #8-35', '5022'),
(10553, 'WARTH', 2, '1997-05-30', '1997-06-27', '1997-06-03', 149.4900, 86, 8, 62, 'Torikatu 38', '90110'),
(10554, 'OTTIK', 4, '1997-05-30', '1997-06-27', '1997-06-05', 120.9700, 57, 10, 39, 'Mehrheimerstr. 369', '50739'),
(10555, 'SAVEA', 6, '1997-06-02', '1997-06-30', '1997-06-04', 252.4900, 71, 24, 13, '187 Suffolk Ln.', '83720'),
(10556, 'SIMOB', 2, '1997-06-03', '1997-07-15', '1997-06-13', 9.8000, 73, 7, 38, 'Vinbæltet 34', '1734'),
(10557, 'LEHMS', 9, '1997-06-03', '1997-06-17', '1997-06-06', 96.7200, 45, 10, 31, 'Magazinweg 7', '60528'),
(10558, 'AROUT', 1, '1997-06-04', '1997-07-02', '1997-06-10', 72.9700, 5, 23, 23, 'Brook Farm Stratford St. Mary', 'CO7 6JX'),
(10559, 'BLONP', 6, '1997-06-05', '1997-07-03', '1997-06-13', 8.0500, 9, 9, 84, '24, place Kléber', '67000'),
(10560, 'FRANK', 8, '1997-06-06', '1997-07-04', '1997-06-09', 36.6500, 28, 10, 57, 'Berliner Platz 43', '80805'),
(10561, 'FOLKO', 2, '1997-06-06', '1997-07-04', '1997-06-09', 242.2100, 25, 21, 15, 'Åkergatan 24', 'S-844 67'),
(10562, 'REGGC', 1, '1997-06-09', '1997-07-07', '1997-06-12', 22.9500, 66, 12, 68, 'Strada Provinciale 124', '42100'),
(10563, 'RICAR', 2, '1997-06-10', '1997-07-22', '1997-06-24', 60.4300, 67, 5, 71, 'Av. Copacabana, 267', '02389-890'),
(10564, 'RATTC', 4, '1997-06-10', '1997-07-08', '1997-06-16', 13.7500, 65, 24, 2, '2817 Milton Dr.', '87110'),
(10565, 'MEREP', 8, '1997-06-11', '1997-07-09', '1997-06-18', 7.1500, 52, 6, 56, '43 rue St. Laurent', 'H1J 1C3'),
(10566, 'BLONP', 9, '1997-06-12', '1997-07-10', '1997-06-18', 88.4000, 9, 9, 84, '24, place Kléber', '67000'),
(10567, 'HUNGO', 1, '1997-06-12', '1997-07-10', '1997-06-17', 33.9700, 38, 11, 24, '8 Johnstown Road', NULL),
(10568, 'GALED', 3, '1997-06-13', '1997-07-11', '1997-07-09', 6.5400, 30, 20, 7, 'Rambla de Cataluña, 23', '8022'),
(10569, 'RATTC', 5, '1997-06-16', '1997-07-14', '1997-07-11', 58.9800, 65, 24, 2, '2817 Milton Dr.', '87110'),
(10570, 'MEREP', 3, '1997-06-17', '1997-07-15', '1997-06-19', 188.9900, 52, 6, 56, '43 rue St. Laurent', 'H1J 1C3'),
(10571, 'ERNSH', 8, '1997-06-17', '1997-07-29', '1997-07-04', 26.0600, 22, 3, 34, 'Kirchgasse 6', '8010'),
(10572, 'BERGS', 3, '1997-06-18', '1997-07-16', '1997-06-25', 116.4300, 7, 21, 46, 'Berguvsvägen  8', 'S-958 22'),
(10573, 'ANTON', 7, '1997-06-19', '1997-07-17', '1997-06-20', 84.8400, 4, 14, 54, 'Mataderos  2312', '05023'),
(10574, 'TRAIH', 4, '1997-06-19', '1997-07-17', '1997-06-30', 37.6000, 82, 24, 37, '722 DaVinci Blvd.', '98034'),
(10575, 'MORGK', 5, '1997-06-20', '1997-07-04', '1997-06-30', 127.3400, 53, 10, 42, 'Heerstr. 22', '04179'),
(10576, 'TORTU', 3, '1997-06-23', '1997-07-07', '1997-06-30', 18.5600, 80, 14, 54, 'Avda. Azteca 123', '05033'),
(10577, 'TRAIH', 9, '1997-06-23', '1997-08-04', '1997-06-30', 25.4100, 82, 24, 37, '722 DaVinci Blvd.', '98034'),
(10578, 'BSBEV', 4, '1997-06-24', '1997-07-22', '1997-07-25', 29.6000, 6, 23, 45, 'Fauntleroy Circus', 'EC2 5NT'),
(10579, 'LETSS', 1, '1997-06-25', '1997-07-23', '1997-07-04', 13.7300, 46, 24, 75, '87 Polk St. Suite 5', '94117'),
(10580, 'OTTIK', 4, '1997-06-26', '1997-07-24', '1997-07-01', 75.8900, 57, 10, 39, 'Mehrheimerstr. 369', '50739'),
(10581, 'FAMIA', 3, '1997-06-26', '1997-07-24', '1997-07-02', 3.0100, 23, 5, 77, 'Rua Orós, 92', '05442-030'),
(10582, 'BLAUS', 3, '1997-06-27', '1997-07-25', '1997-07-14', 27.7100, 8, 10, 51, 'Forsterstr. 57', '68306'),
(10583, 'WARTH', 2, '1997-06-30', '1997-07-28', '1997-07-04', 7.2800, 86, 8, 62, 'Torikatu 38', '90110'),
(10584, 'BLONP', 4, '1997-06-30', '1997-07-28', '1997-07-04', 59.1400, 9, 9, 84, '24, place Kléber', '67000'),
(10585, 'WELLI', 7, '1997-07-01', '1997-07-29', '1997-07-10', 13.4100, 87, 5, 70, 'Rua do Mercado, 12', '08737-363'),
(10586, 'REGGC', 9, '1997-07-02', '1997-07-30', '1997-07-09', 0.4800, 66, 12, 68, 'Strada Provinciale 124', '42100'),
(10587, 'QUEDE', 1, '1997-07-02', '1997-07-30', '1997-07-09', 62.5200, 61, 5, 71, 'Rua da Panificadora, 12', '02389-673'),
(10588, 'QUICK', 2, '1997-07-03', '1997-07-31', '1997-07-10', 194.6700, 63, 10, 26, 'Taucherstraße 10', '01307'),
(10589, 'GREAL', 8, '1997-07-04', '1997-08-01', '1997-07-14', 4.4200, 33, 24, 29, '2732 Baker Blvd.', '97403'),
(10590, 'MEREP', 4, '1997-07-07', '1997-08-04', '1997-07-14', 44.7700, 52, 6, 56, '43 rue St. Laurent', 'H1J 1C3'),
(10591, 'VAFFE', 1, '1997-07-07', '1997-07-21', '1997-07-16', 55.9200, 83, 7, 6, 'Smagsloget 45', '8200'),
(10592, 'LEHMS', 3, '1997-07-08', '1997-08-05', '1997-07-16', 32.1000, 45, 10, 31, 'Magazinweg 7', '60528'),
(10593, 'LEHMS', 7, '1997-07-09', '1997-08-06', '1997-08-13', 174.2000, 45, 10, 31, 'Magazinweg 7', '60528'),
(10594, 'OLDWO', 3, '1997-07-09', '1997-08-06', '1997-07-16', 5.2400, 56, 24, 3, '2743 Bering St.', '99508'),
(10595, 'ERNSH', 2, '1997-07-10', '1997-08-07', '1997-07-14', 96.7800, 22, 3, 34, 'Kirchgasse 6', '8010'),
(10596, 'WHITC', 8, '1997-07-11', '1997-08-08', '1997-08-12', 16.3400, 88, 24, 78, '1029 - 12th Ave. S.', '98124'),
(10597, 'PICCO', 7, '1997-07-11', '1997-08-08', '1997-07-18', 35.1200, 59, 3, 73, 'Geislweg 14', '5020'),
(10598, 'RATTC', 1, '1997-07-14', '1997-08-11', '1997-07-18', 44.4200, 65, 24, 2, '2817 Milton Dr.', '87110'),
(10599, 'BSBEV', 6, '1997-07-15', '1997-08-26', '1997-07-21', 29.9800, 6, 23, 45, 'Fauntleroy Circus', 'EC2 5NT'),
(10600, 'HUNGC', 4, '1997-07-16', '1997-08-13', '1997-07-21', 45.1300, 37, 24, 28, 'City Center Plaza 516 Main St.', '97827'),
(10601, 'HILAA', 7, '1997-07-16', '1997-08-27', '1997-07-22', 58.3000, 36, 25, 74, 'Carrera 22 con Ave. Carlos Soublette #8-35', '5022'),
(10602, 'VAFFE', 8, '1997-07-17', '1997-08-14', '1997-07-22', 2.9200, 83, 7, 6, 'Smagsloget 45', '8200'),
(10603, 'SAVEA', 8, '1997-07-18', '1997-08-15', '1997-08-08', 48.7700, 71, 24, 13, '187 Suffolk Ln.', '83720'),
(10604, 'FURIB', 1, '1997-07-18', '1997-08-15', '1997-07-29', 7.4600, 29, 18, 44, 'Jardim das rosas n. 32', '1675'),
(10605, 'MEREP', 1, '1997-07-21', '1997-08-18', '1997-07-29', 379.1300, 52, 6, 56, '43 rue St. Laurent', 'H1J 1C3'),
(10606, 'TRADH', 4, '1997-07-22', '1997-08-19', '1997-07-31', 79.4000, 81, 5, 77, 'Av. Inês de Castro, 414', '05634-030'),
(10607, 'SAVEA', 5, '1997-07-22', '1997-08-19', '1997-07-25', 200.2400, 71, 24, 13, '187 Suffolk Ln.', '83720'),
(10608, 'TOMSP', 4, '1997-07-23', '1997-08-20', '1997-08-01', 27.7900, 79, 10, 58, 'Luisenstr. 48', '44087'),
(10609, 'DUMON', 7, '1997-07-24', '1997-08-21', '1997-07-30', 1.8500, 20, 9, 59, '67, rue des Cinquante Otages', '44000'),
(10610, 'LAMAI', 8, '1997-07-25', '1997-08-22', '1997-08-06', 26.7800, 42, 9, 90, '1 rue Alsace-Lorraine', '31000'),
(10611, 'WOLZA', 6, '1997-07-25', '1997-08-22', '1997-08-01', 80.6500, 90, 17, 95, 'ul. Filtrowa 68', '01-012'),
(10612, 'SAVEA', 1, '1997-07-28', '1997-08-25', '1997-08-01', 544.0800, 71, 24, 13, '187 Suffolk Ln.', '83720'),
(10613, 'HILAA', 4, '1997-07-29', '1997-08-26', '1997-08-01', 8.1100, 36, 25, 74, 'Carrera 22 con Ave. Carlos Soublette #8-35', '5022'),
(10614, 'BLAUS', 8, '1997-07-29', '1997-08-26', '1997-08-01', 1.9300, 8, 10, 51, 'Forsterstr. 57', '68306'),
(10615, 'WILMK', 2, '1997-07-30', '1997-08-27', '1997-08-06', 0.7500, 89, 8, 35, 'Keskuskatu 45', '21240'),
(10616, 'GREAL', 1, '1997-07-31', '1997-08-28', '1997-08-05', 116.5300, 33, 24, 29, '2732 Baker Blvd.', '97403'),
(10617, 'GREAL', 4, '1997-07-31', '1997-08-28', '1997-08-04', 18.5300, 33, 24, 29, '2732 Baker Blvd.', '97403'),
(10618, 'MEREP', 1, '1997-08-01', '1997-09-12', '1997-08-08', 154.6800, 52, 6, 56, '43 rue St. Laurent', 'H1J 1C3'),
(10619, 'MEREP', 3, '1997-08-04', '1997-09-01', '1997-08-07', 91.0500, 52, 6, 56, '43 rue St. Laurent', 'H1J 1C3'),
(10620, 'LAUGB', 2, '1997-08-05', '1997-09-02', '1997-08-14', 0.9400, 43, 6, 92, '2319 Elm St.', 'V3F 2K1'),
(10621, 'ISLAT', 4, '1997-08-05', '1997-09-02', '1997-08-11', 23.7300, 39, 23, 25, 'Garden House Crowther Way', 'PO31 7PJ'),
(10622, 'RICAR', 4, '1997-08-06', '1997-09-03', '1997-08-11', 50.9700, 67, 5, 71, 'Av. Copacabana, 267', '02389-890'),
(10623, 'FRANK', 8, '1997-08-07', '1997-09-04', '1997-08-12', 97.1800, 28, 10, 57, 'Berliner Platz 43', '80805'),
(10624, 'THECR', 4, '1997-08-07', '1997-09-04', '1997-08-19', 94.8000, 78, 24, 19, '55 Grizzly Peak Rd.', '59801'),
(10625, 'ANATR', 3, '1997-08-08', '1997-09-05', '1997-08-14', 43.9000, 3, 14, 54, 'Avda. de la Constitución 2222', '05021'),
(10626, 'BERGS', 1, '1997-08-11', '1997-09-08', '1997-08-20', 138.6900, 7, 21, 46, 'Berguvsvägen  8', 'S-958 22'),
(10627, 'SAVEA', 8, '1997-08-11', '1997-09-22', '1997-08-21', 107.4600, 71, 24, 13, '187 Suffolk Ln.', '83720'),
(10628, 'BLONP', 4, '1997-08-12', '1997-09-09', '1997-08-20', 30.3600, 9, 9, 84, '24, place Kléber', '67000'),
(10629, 'GODOS', 4, '1997-08-12', '1997-09-09', '1997-08-20', 85.4600, 31, 20, 79, 'C/ Romero, 33', '41101'),
(10630, 'KOENE', 1, '1997-08-13', '1997-09-10', '1997-08-19', 32.3500, 40, 10, 16, 'Maubelstr. 90', '14776'),
(10631, 'LAMAI', 8, '1997-08-14', '1997-09-11', '1997-08-15', 0.8700, 42, 9, 90, '1 rue Alsace-Lorraine', '31000'),
(10632, 'WANDK', 8, '1997-08-14', '1997-09-11', '1997-08-19', 41.3800, 18, 10, 85, 'Adenauerallee 900', '70563'),
(10633, 'ERNSH', 7, '1997-08-15', '1997-09-12', '1997-08-18', 477.9000, 22, 3, 34, 'Kirchgasse 6', '8010'),
(10634, 'FOLIG', 4, '1997-08-15', '1997-09-12', '1997-08-21', 487.3800, 24, 9, 43, '184, chaussée de Tournai', '59000'),
(10635, 'MAGAA', 8, '1997-08-18', '1997-09-15', '1997-08-21', 47.4600, 50, 12, 10, 'Via Ludovico il Moro 22', '24100'),
(10636, 'WARTH', 4, '1997-08-19', '1997-09-16', '1997-08-26', 1.1500, 86, 8, 62, 'Torikatu 38', '90110'),
(10637, 'QUEEN', 6, '1997-08-19', '1997-09-16', '1997-08-26', 201.2900, 62, 5, 77, 'Alameda dos Canàrios, 891', '05487-020'),
(10638, 'LINOD', 3, '1997-08-20', '1997-09-17', '1997-09-01', 158.4400, 48, 25, 36, 'Ave. 5 de Mayo Porlamar', '4980'),
(10639, 'SANTG', 7, '1997-08-20', '1997-09-17', '1997-08-27', 38.6400, 70, 16, 81, 'Erling Skakkes gate 78', '4110'),
(10640, 'WANDK', 4, '1997-08-21', '1997-09-18', '1997-08-28', 23.5500, 18, 10, 85, 'Adenauerallee 900', '70563'),
(10641, 'HILAA', 4, '1997-08-22', '1997-09-19', '1997-08-26', 179.6100, 36, 25, 74, 'Carrera 22 con Ave. Carlos Soublette #8-35', '5022'),
(10642, 'SIMOB', 7, '1997-08-22', '1997-09-19', '1997-09-05', 41.8900, 73, 7, 38, 'Vinbæltet 34', '1734'),
(10643, 'ALFKI', 6, '1997-08-25', '1997-09-22', '1997-09-02', 29.4600, 2, 10, 11, 'Obere Str. 57', '12209'),
(10644, 'WELLI', 3, '1997-08-25', '1997-09-22', '1997-09-01', 0.1400, 87, 5, 70, 'Rua do Mercado, 12', '08737-363'),
(10645, 'HANAR', 4, '1997-08-26', '1997-09-23', '1997-09-02', 12.4100, 35, 5, 71, 'Rua do Paço, 67', '05454-876'),
(10646, 'HUNGO', 9, '1997-08-27', '1997-10-08', '1997-09-03', 142.3300, 38, 11, 24, '8 Johnstown Road', NULL),
(10647, 'QUEDE', 4, '1997-08-27', '1997-09-10', '1997-09-03', 45.5400, 61, 5, 71, 'Rua da Panificadora, 12', '02389-673'),
(10648, 'RICAR', 5, '1997-08-28', '1997-10-09', '1997-09-09', 14.2500, 67, 5, 71, 'Av. Copacabana, 267', '02389-890'),
(10649, 'MAISD', 5, '1997-08-28', '1997-09-25', '1997-08-29', 6.2000, 51, 4, 17, 'Rue Joseph-Bens 532', 'B-1180'),
(10650, 'FAMIA', 5, '1997-08-29', '1997-09-26', '1997-09-03', 176.8100, 23, 5, 77, 'Rua Orós, 92', '05442-030'),
(10651, 'WANDK', 8, '1997-09-01', '1997-09-29', '1997-09-11', 20.6000, 18, 10, 85, 'Adenauerallee 900', '70563'),
(10652, 'GOURL', 4, '1997-09-01', '1997-09-29', '1997-09-08', 7.1400, 32, 5, 20, 'Av. Brasil, 442', '04876-786'),
(10653, 'FRANK', 1, '1997-09-02', '1997-09-30', '1997-09-19', 93.2500, 28, 10, 57, 'Berliner Platz 43', '80805'),
(10654, 'BERGS', 5, '1997-09-02', '1997-09-30', '1997-09-11', 55.2600, 7, 21, 46, 'Berguvsvägen  8', 'S-958 22'),
(10655, 'REGGC', 1, '1997-09-03', '1997-10-01', '1997-09-11', 4.4100, 66, 12, 68, 'Strada Provinciale 124', '42100'),
(10656, 'GREAL', 6, '1997-09-04', '1997-10-02', '1997-09-10', 57.1500, 33, 24, 29, '2732 Baker Blvd.', '97403'),
(10657, 'SAVEA', 2, '1997-09-04', '1997-10-02', '1997-09-15', 352.6900, 71, 24, 13, '187 Suffolk Ln.', '83720'),
(10658, 'QUICK', 4, '1997-09-05', '1997-10-03', '1997-09-08', 364.1500, 63, 10, 26, 'Taucherstraße 10', '01307'),
(10659, 'QUEEN', 7, '1997-09-05', '1997-10-03', '1997-09-10', 105.8100, 62, 5, 77, 'Alameda dos Canàrios, 891', '05487-020'),
(10660, 'HUNGC', 8, '1997-09-08', '1997-10-06', '1997-10-15', 111.2900, 37, 24, 28, 'City Center Plaza 516 Main St.', '97827'),
(10661, 'HUNGO', 7, '1997-09-09', '1997-10-07', '1997-09-15', 17.5500, 38, 11, 24, '8 Johnstown Road', NULL),
(10662, 'LONEP', 3, '1997-09-09', '1997-10-07', '1997-09-18', 1.2800, 49, 24, 65, '89 Chiaroscuro Rd.', '97219'),
(10663, 'BONAP', 2, '1997-09-10', '1997-09-24', '1997-10-03', 113.1500, 11, 9, 52, '12, rue des Bouchers', '13008'),
(10664, 'FURIB', 1, '1997-09-10', '1997-10-08', '1997-09-19', 1.2700, 29, 18, 44, 'Jardim das rosas n. 32', '1675'),
(10665, 'LONEP', 1, '1997-09-11', '1997-10-09', '1997-09-17', 26.3100, 49, 24, 65, '89 Chiaroscuro Rd.', '97219'),
(10666, 'RICSU', 7, '1997-09-12', '1997-10-10', '1997-09-22', 232.4200, 68, 22, 32, 'Starenweg 5', '1204'),
(10667, 'ERNSH', 7, '1997-09-12', '1997-10-10', '1997-09-19', 78.0900, 22, 3, 34, 'Kirchgasse 6', '8010'),
(10668, 'WANDK', 1, '1997-09-15', '1997-10-13', '1997-09-23', 47.2200, 18, 10, 85, 'Adenauerallee 900', '70563'),
(10669, 'SIMOB', 2, '1997-09-15', '1997-10-13', '1997-09-22', 24.3900, 73, 7, 38, 'Vinbæltet 34', '1734'),
(10670, 'FRANK', 4, '1997-09-16', '1997-10-14', '1997-09-18', 203.4800, 28, 10, 57, 'Berliner Platz 43', '80805'),
(10671, 'FRANR', 1, '1997-09-17', '1997-10-15', '1997-09-24', 30.3400, 26, 9, 59, '54, rue Royale', '44000'),
(10672, 'BERGS', 9, '1997-09-17', '1997-10-01', '1997-09-26', 95.7500, 7, 21, 46, 'Berguvsvägen  8', 'S-958 22'),
(10673, 'WILMK', 2, '1997-09-18', '1997-10-16', '1997-09-19', 22.7600, 89, 8, 35, 'Keskuskatu 45', '21240'),
(10674, 'ISLAT', 4, '1997-09-18', '1997-10-16', '1997-09-30', 0.9000, 39, 23, 25, 'Garden House Crowther Way', 'PO31 7PJ'),
(10675, 'FRANK', 5, '1997-09-19', '1997-10-17', '1997-09-23', 31.8500, 28, 10, 57, 'Berliner Platz 43', '80805'),
(10676, 'TORTU', 2, '1997-09-22', '1997-10-20', '1997-09-29', 2.0100, 80, 14, 54, 'Avda. Azteca 123', '05033'),
(10677, 'ANTON', 1, '1997-09-22', '1997-10-20', '1997-09-26', 4.0300, 4, 14, 54, 'Mataderos  2312', '05023'),
(10678, 'SAVEA', 7, '1997-09-23', '1997-10-21', '1997-10-16', 388.9800, 71, 24, 13, '187 Suffolk Ln.', '83720'),
(10679, 'BLONP', 8, '1997-09-23', '1997-10-21', '1997-09-30', 27.9400, 9, 9, 84, '24, place Kléber', '67000'),
(10680, 'OLDWO', 1, '1997-09-24', '1997-10-22', '1997-09-26', 26.6100, 56, 24, 3, '2743 Bering St.', '99508'),
(10681, 'GREAL', 3, '1997-09-25', '1997-10-23', '1997-09-30', 76.1300, 33, 24, 29, '2732 Baker Blvd.', '97403'),
(10682, 'ANTON', 3, '1997-09-25', '1997-10-23', '1997-10-01', 36.1300, 4, 14, 54, 'Mataderos  2312', '05023'),
(10683, 'DUMON', 2, '1997-09-26', '1997-10-24', '1997-10-01', 4.4000, 20, 9, 59, '67, rue des Cinquante Otages', '44000'),
(10684, 'OTTIK', 3, '1997-09-26', '1997-10-24', '1997-09-30', 145.6300, 57, 10, 39, 'Mehrheimerstr. 369', '50739'),
(10685, 'GOURL', 4, '1997-09-29', '1997-10-13', '1997-10-03', 33.7500, 32, 5, 20, 'Av. Brasil, 442', '04876-786'),
(10686, 'PICCO', 2, '1997-09-30', '1997-10-28', '1997-10-08', 96.5000, 59, 3, 73, 'Geislweg 14', '5020'),
(10687, 'HUNGO', 9, '1997-09-30', '1997-10-28', '1997-10-30', 296.4300, 38, 11, 24, '8 Johnstown Road', NULL);
INSERT INTO `orders` (`id`, `customerId`, `employeeId`, `orderDate`, `requiredDate`, `shippedDate`, `freight`, `shipperId`, `countryId`, `cityId`, `address`, `postalCode`) VALUES
(10688, 'VAFFE', 4, '1997-10-01', '1997-10-15', '1997-10-07', 299.0900, 83, 7, 6, 'Smagsloget 45', '8200'),
(10689, 'BERGS', 1, '1997-10-01', '1997-10-29', '1997-10-07', 13.4200, 7, 21, 46, 'Berguvsvägen  8', 'S-958 22'),
(10690, 'HANAR', 1, '1997-10-02', '1997-10-30', '1997-10-03', 15.8000, 35, 5, 71, 'Rua do Paço, 67', '05454-876'),
(10691, 'QUICK', 2, '1997-10-03', '1997-11-14', '1997-10-22', 810.0500, 63, 10, 26, 'Taucherstraße 10', '01307'),
(10692, 'ALFKI', 4, '1997-10-03', '1997-10-31', '1997-10-13', 61.0200, 1, 10, 11, 'Obere Str. 57', '12209'),
(10693, 'WHITC', 3, '1997-10-06', '1997-10-20', '1997-10-10', 139.3400, 88, 24, 78, '1029 - 12th Ave. S.', '98124'),
(10694, 'QUICK', 8, '1997-10-06', '1997-11-03', '1997-10-09', 398.3600, 63, 10, 26, 'Taucherstraße 10', '01307'),
(10695, 'WILMK', 7, '1997-10-07', '1997-11-18', '1997-10-14', 16.7200, 89, 8, 35, 'Keskuskatu 45', '21240'),
(10696, 'WHITC', 8, '1997-10-08', '1997-11-19', '1997-10-14', 102.5500, 88, 24, 78, '1029 - 12th Ave. S.', '98124'),
(10697, 'LINOD', 3, '1997-10-08', '1997-11-05', '1997-10-14', 45.5200, 48, 25, 36, 'Ave. 5 de Mayo Porlamar', '4980'),
(10698, 'ERNSH', 4, '1997-10-09', '1997-11-06', '1997-10-17', 272.4700, 22, 3, 34, 'Kirchgasse 6', '8010'),
(10699, 'MORGK', 3, '1997-10-09', '1997-11-06', '1997-10-13', 0.5800, 53, 10, 42, 'Heerstr. 22', '04179'),
(10700, 'SAVEA', 3, '1997-10-10', '1997-11-07', '1997-10-16', 65.1000, 71, 24, 13, '187 Suffolk Ln.', '83720'),
(10701, 'HUNGO', 6, '1997-10-13', '1997-10-27', '1997-10-15', 220.3100, 38, 11, 24, '8 Johnstown Road', NULL),
(10702, 'ALFKI', 4, '1997-10-13', '1997-11-24', '1997-10-21', 23.9400, 1, 10, 11, 'Obere Str. 57', '12209'),
(10703, 'FOLKO', 6, '1997-10-14', '1997-11-11', '1997-10-20', 152.3000, 25, 21, 15, 'Åkergatan 24', 'S-844 67'),
(10704, 'QUEEN', 6, '1997-10-14', '1997-11-11', '1997-11-07', 4.7800, 62, 5, 77, 'Alameda dos Canàrios, 891', '05487-020'),
(10705, 'HILAA', 9, '1997-10-15', '1997-11-12', '1997-11-18', 3.5200, 36, 25, 74, 'Carrera 22 con Ave. Carlos Soublette #8-35', '5022'),
(10706, 'OLDWO', 8, '1997-10-16', '1997-11-13', '1997-10-21', 135.6300, 56, 24, 3, '2743 Bering St.', '99508'),
(10707, 'AROUT', 4, '1997-10-16', '1997-10-30', '1997-10-23', 21.7400, 5, 23, 23, 'Brook Farm Stratford St. Mary', 'CO7 6JX'),
(10708, 'THEBI', 6, '1997-10-17', '1997-11-28', '1997-11-05', 2.9600, 77, 24, 65, '89 Jefferson Way Suite 2', '97201'),
(10709, 'GOURL', 1, '1997-10-17', '1997-11-14', '1997-11-20', 210.8000, 32, 5, 20, 'Av. Brasil, 442', '04876-786'),
(10710, 'FRANS', 1, '1997-10-20', '1997-11-17', '1997-10-23', 4.9800, 27, 12, 89, 'Via Monte Bianco 34', '10100'),
(10711, 'SAVEA', 5, '1997-10-21', '1997-12-02', '1997-10-29', 52.4100, 71, 24, 13, '187 Suffolk Ln.', '83720'),
(10712, 'HUNGO', 3, '1997-10-21', '1997-11-18', '1997-10-31', 89.9300, 38, 11, 24, '8 Johnstown Road', NULL),
(10713, 'SAVEA', 1, '1997-10-22', '1997-11-19', '1997-10-24', 167.0500, 71, 24, 13, '187 Suffolk Ln.', '83720'),
(10714, 'SAVEA', 5, '1997-10-22', '1997-11-19', '1997-10-27', 24.4900, 71, 24, 13, '187 Suffolk Ln.', '83720'),
(10715, 'BONAP', 3, '1997-10-23', '1997-11-06', '1997-10-29', 63.2000, 11, 9, 52, '12, rue des Bouchers', '13008'),
(10716, 'RANCH', 4, '1997-10-24', '1997-11-21', '1997-10-27', 22.5700, 64, 1, 18, 'Av. del Libertador 900', '1010'),
(10717, 'FRANK', 1, '1997-10-24', '1997-11-21', '1997-10-29', 59.2500, 28, 10, 57, 'Berliner Platz 43', '80805'),
(10718, 'KOENE', 1, '1997-10-27', '1997-11-24', '1997-10-29', 170.8800, 40, 10, 16, 'Maubelstr. 90', '14776'),
(10719, 'LETSS', 8, '1997-10-27', '1997-11-24', '1997-11-05', 51.4400, 46, 24, 75, '87 Polk St. Suite 5', '94117'),
(10720, 'QUEDE', 8, '1997-10-28', '1997-11-11', '1997-11-05', 9.5300, 61, 5, 71, 'Rua da Panificadora, 12', '02389-673'),
(10721, 'QUICK', 5, '1997-10-29', '1997-11-26', '1997-10-31', 48.9200, 63, 10, 26, 'Taucherstraße 10', '01307'),
(10722, 'SAVEA', 8, '1997-10-29', '1997-12-10', '1997-11-04', 74.5800, 71, 24, 13, '187 Suffolk Ln.', '83720'),
(10723, 'WHITC', 3, '1997-10-30', '1997-11-27', '1997-11-25', 21.7200, 88, 24, 78, '1029 - 12th Ave. S.', '98124'),
(10724, 'MEREP', 8, '1997-10-30', '1997-12-11', '1997-11-05', 57.7500, 52, 6, 56, '43 rue St. Laurent', 'H1J 1C3'),
(10725, 'FAMIA', 4, '1997-10-31', '1997-11-28', '1997-11-05', 10.8300, 23, 5, 77, 'Rua Orós, 92', '05442-030'),
(10726, 'EASTC', 4, '1997-11-03', '1997-11-17', '1997-12-05', 16.5600, 21, 23, 45, '35 King George', 'WX3 6FW'),
(10727, 'REGGC', 2, '1997-11-03', '1997-12-01', '1997-12-05', 89.9000, 66, 12, 68, 'Strada Provinciale 124', '42100'),
(10728, 'QUEEN', 4, '1997-11-04', '1997-12-02', '1997-11-11', 58.3300, 62, 5, 77, 'Alameda dos Canàrios, 891', '05487-020'),
(10729, 'LINOD', 8, '1997-11-04', '1997-12-16', '1997-11-14', 141.0600, 48, 25, 36, 'Ave. 5 de Mayo Porlamar', '4980'),
(10730, 'BONAP', 5, '1997-11-05', '1997-12-03', '1997-11-14', 20.1200, 11, 9, 52, '12, rue des Bouchers', '13008'),
(10731, 'CHOPS', 7, '1997-11-06', '1997-12-04', '1997-11-14', 96.6500, 15, 22, 12, 'Hauptstr. 31', '3012'),
(10732, 'BONAP', 3, '1997-11-06', '1997-12-04', '1997-11-07', 16.9700, 11, 9, 52, '12, rue des Bouchers', '13008'),
(10733, 'BERGS', 1, '1997-11-07', '1997-12-05', '1997-11-10', 110.1100, 7, 21, 46, 'Berguvsvägen  8', 'S-958 22'),
(10734, 'GOURL', 2, '1997-11-07', '1997-12-05', '1997-11-12', 1.6300, 32, 5, 20, 'Av. Brasil, 442', '04876-786'),
(10735, 'LETSS', 6, '1997-11-10', '1997-12-08', '1997-11-21', 45.9700, 46, 24, 75, '87 Polk St. Suite 5', '94117'),
(10736, 'HUNGO', 9, '1997-11-11', '1997-12-09', '1997-11-21', 44.1000, 38, 11, 24, '8 Johnstown Road', NULL),
(10737, 'VINET', 2, '1997-11-11', '1997-12-09', '1997-11-18', 7.7900, 85, 9, 69, '59 rue de l\'Abbaye', '51100'),
(10738, 'SPECD', 2, '1997-11-12', '1997-12-10', '1997-11-18', 2.9100, 74, 9, 64, '25, rue Lauriston', '75016'),
(10739, 'VINET', 3, '1997-11-12', '1997-12-10', '1997-11-17', 11.0800, 85, 9, 69, '59 rue de l\'Abbaye', '51100'),
(10740, 'WHITC', 4, '1997-11-13', '1997-12-11', '1997-11-25', 81.8800, 88, 24, 78, '1029 - 12th Ave. S.', '98124'),
(10741, 'AROUT', 4, '1997-11-14', '1997-11-28', '1997-11-18', 10.9600, 5, 23, 23, 'Brook Farm Stratford St. Mary', 'CO7 6JX'),
(10742, 'BOTTM', 3, '1997-11-14', '1997-12-12', '1997-11-18', 243.7300, 12, 6, 91, '23 Tsawassen Blvd.', 'T2F 8M4'),
(10743, 'AROUT', 1, '1997-11-17', '1997-12-15', '1997-11-21', 23.7200, 5, 23, 23, 'Brook Farm Stratford St. Mary', 'CO7 6JX'),
(10744, 'VAFFE', 6, '1997-11-17', '1997-12-15', '1997-11-24', 69.1900, 83, 7, 6, 'Smagsloget 45', '8200'),
(10745, 'QUICK', 9, '1997-11-18', '1997-12-16', '1997-11-27', 3.5200, 63, 10, 26, 'Taucherstraße 10', '01307'),
(10746, 'CHOPS', 1, '1997-11-19', '1997-12-17', '1997-11-21', 31.4300, 15, 22, 12, 'Hauptstr. 31', '3012'),
(10747, 'PICCO', 6, '1997-11-19', '1997-12-17', '1997-11-26', 117.3300, 59, 3, 73, 'Geislweg 14', '5020'),
(10748, 'SAVEA', 3, '1997-11-20', '1997-12-18', '1997-11-28', 232.5500, 71, 24, 13, '187 Suffolk Ln.', '83720'),
(10749, 'ISLAT', 4, '1997-11-20', '1997-12-18', '1997-12-19', 61.5300, 39, 23, 25, 'Garden House Crowther Way', 'PO31 7PJ'),
(10750, 'WARTH', 9, '1997-11-21', '1997-12-19', '1997-11-24', 79.3000, 86, 8, 62, 'Torikatu 38', '90110'),
(10751, 'RICSU', 3, '1997-11-24', '1997-12-22', '1997-12-03', 130.7900, 68, 22, 32, 'Starenweg 5', '1204'),
(10752, 'NORTS', 2, '1997-11-24', '1997-12-22', '1997-11-28', 1.3900, 54, 23, 45, 'South House 300 Queensbridge', 'SW7 1RZ'),
(10753, 'FRANS', 3, '1997-11-25', '1997-12-23', '1997-11-27', 7.7000, 27, 12, 89, 'Via Monte Bianco 34', '10100'),
(10754, 'MAGAA', 6, '1997-11-25', '1997-12-23', '1997-11-27', 2.3800, 50, 12, 10, 'Via Ludovico il Moro 22', '24100'),
(10755, 'BONAP', 4, '1997-11-26', '1997-12-24', '1997-11-28', 16.7100, 11, 9, 52, '12, rue des Bouchers', '13008'),
(10756, 'SPLIR', 8, '1997-11-27', '1997-12-25', '1997-12-02', 73.2100, 75, 24, 40, 'P.O. Box 555', '82520'),
(10757, 'SAVEA', 6, '1997-11-27', '1997-12-25', '1997-12-15', 8.1900, 71, 24, 13, '187 Suffolk Ln.', '83720'),
(10758, 'RICSU', 3, '1997-11-28', '1997-12-26', '1997-12-04', 138.1700, 68, 22, 32, 'Starenweg 5', '1204'),
(10759, 'ANATR', 3, '1997-11-28', '1997-12-26', '1997-12-12', 11.9900, 3, 14, 54, 'Avda. de la Constitución 2222', '05021'),
(10760, 'MAISD', 4, '1997-12-01', '1997-12-29', '1997-12-10', 155.6400, 51, 4, 17, 'Rue Joseph-Bens 532', 'B-1180'),
(10761, 'RATTC', 5, '1997-12-02', '1997-12-30', '1997-12-08', 18.6600, 65, 24, 2, '2817 Milton Dr.', '87110'),
(10762, 'FOLKO', 3, '1997-12-02', '1997-12-30', '1997-12-09', 328.7400, 25, 21, 15, 'Åkergatan 24', 'S-844 67'),
(10763, 'FOLIG', 3, '1997-12-03', '1997-12-31', '1997-12-08', 37.3500, 24, 9, 43, '184, chaussée de Tournai', '59000'),
(10764, 'ERNSH', 6, '1997-12-03', '1997-12-31', '1997-12-08', 145.4500, 22, 3, 34, 'Kirchgasse 6', '8010'),
(10765, 'QUICK', 3, '1997-12-04', '1998-01-01', '1997-12-09', 42.7400, 63, 10, 26, 'Taucherstraße 10', '01307'),
(10766, 'OTTIK', 4, '1997-12-05', '1998-01-02', '1997-12-09', 157.5500, 57, 10, 39, 'Mehrheimerstr. 369', '50739'),
(10767, 'SUPRD', 4, '1997-12-05', '1998-01-02', '1997-12-15', 1.5900, 76, 4, 22, 'Boulevard Tirou, 255', 'B-6000'),
(10768, 'AROUT', 3, '1997-12-08', '1998-01-05', '1997-12-15', 146.3200, 5, 23, 23, 'Brook Farm Stratford St. Mary', 'CO7 6JX'),
(10769, 'VAFFE', 3, '1997-12-08', '1998-01-05', '1997-12-12', 65.0600, 83, 7, 6, 'Smagsloget 45', '8200'),
(10770, 'HANAR', 8, '1997-12-09', '1998-01-06', '1997-12-17', 5.3200, 35, 5, 71, 'Rua do Paço, 67', '05454-876'),
(10771, 'ERNSH', 9, '1997-12-10', '1998-01-07', '1998-01-02', 11.1900, 22, 3, 34, 'Kirchgasse 6', '8010'),
(10772, 'LEHMS', 3, '1997-12-10', '1998-01-07', '1997-12-19', 91.2800, 45, 10, 31, 'Magazinweg 7', '60528'),
(10773, 'ERNSH', 1, '1997-12-11', '1998-01-08', '1997-12-16', 96.4300, 22, 3, 34, 'Kirchgasse 6', '8010'),
(10774, 'FOLKO', 4, '1997-12-11', '1997-12-25', '1997-12-12', 48.2000, 25, 21, 15, 'Åkergatan 24', 'S-844 67'),
(10775, 'THECR', 7, '1997-12-12', '1998-01-09', '1997-12-26', 20.2500, 78, 24, 19, '55 Grizzly Peak Rd.', '59801'),
(10776, 'ERNSH', 1, '1997-12-15', '1998-01-12', '1997-12-18', 351.5300, 22, 3, 34, 'Kirchgasse 6', '8010'),
(10777, 'GOURL', 7, '1997-12-15', '1997-12-29', '1998-01-21', 3.0100, 32, 5, 20, 'Av. Brasil, 442', '04876-786'),
(10778, 'BERGS', 3, '1997-12-16', '1998-01-13', '1997-12-24', 6.7900, 7, 21, 46, 'Berguvsvägen  8', 'S-958 22'),
(10779, 'MORGK', 3, '1997-12-16', '1998-01-13', '1998-01-14', 58.1300, 53, 10, 42, 'Heerstr. 22', '04179'),
(10780, 'LILAS', 2, '1997-12-16', '1997-12-30', '1997-12-25', 42.1300, 47, 25, 8, 'Carrera 52 con Ave. Bolívar #65-98 Llano Largo', '3508'),
(10781, 'WARTH', 2, '1997-12-17', '1998-01-14', '1997-12-19', 73.1600, 86, 8, 62, 'Torikatu 38', '90110'),
(10782, 'CACTU', 9, '1997-12-17', '1998-01-14', '1997-12-22', 1.1000, 13, 1, 18, 'Cerrito 333', '1010'),
(10783, 'HANAR', 4, '1997-12-18', '1998-01-15', '1997-12-19', 124.9800, 35, 5, 71, 'Rua do Paço, 67', '05454-876'),
(10784, 'MAGAA', 4, '1997-12-18', '1998-01-15', '1997-12-22', 70.0900, 50, 12, 10, 'Via Ludovico il Moro 22', '24100'),
(10785, 'GROSR', 1, '1997-12-18', '1998-01-15', '1997-12-24', 1.5100, 34, 25, 21, '5ª Ave. Los Palos Grandes', '1081'),
(10786, 'QUEEN', 8, '1997-12-19', '1998-01-16', '1997-12-23', 110.8700, 62, 5, 77, 'Alameda dos Canàrios, 891', '05487-020'),
(10787, 'LAMAI', 2, '1997-12-19', '1998-01-02', '1997-12-26', 249.9300, 42, 9, 90, '1 rue Alsace-Lorraine', '31000'),
(10788, 'QUICK', 1, '1997-12-22', '1998-01-19', '1998-01-19', 42.7000, 63, 10, 26, 'Taucherstraße 10', '01307'),
(10789, 'FOLIG', 1, '1997-12-22', '1998-01-19', '1997-12-31', 100.6000, 24, 9, 43, '184, chaussée de Tournai', '59000'),
(10790, 'GOURL', 6, '1997-12-22', '1998-01-19', '1997-12-26', 28.2300, 32, 5, 20, 'Av. Brasil, 442', '04876-786'),
(10791, 'FRANK', 6, '1997-12-23', '1998-01-20', '1998-01-01', 16.8500, 28, 10, 57, 'Berliner Platz 43', '80805'),
(10792, 'WOLZA', 1, '1997-12-23', '1998-01-20', '1997-12-31', 23.7900, 90, 17, 95, 'ul. Filtrowa 68', '01-012'),
(10793, 'AROUT', 3, '1997-12-24', '1998-01-21', '1998-01-08', 4.5200, 5, 23, 23, 'Brook Farm Stratford St. Mary', 'CO7 6JX'),
(10794, 'QUEDE', 6, '1997-12-24', '1998-01-21', '1998-01-02', 21.4900, 61, 5, 71, 'Rua da Panificadora, 12', '02389-673'),
(10795, 'ERNSH', 8, '1997-12-24', '1998-01-21', '1998-01-20', 126.6600, 22, 3, 34, 'Kirchgasse 6', '8010'),
(10796, 'HILAA', 3, '1997-12-25', '1998-01-22', '1998-01-14', 26.5200, 36, 25, 74, 'Carrera 22 con Ave. Carlos Soublette #8-35', '5022'),
(10797, 'DRACD', 7, '1997-12-25', '1998-01-22', '1998-01-05', 33.3500, 19, 10, 1, 'Walserweg 21', '52066'),
(10798, 'ISLAT', 2, '1997-12-26', '1998-01-23', '1998-01-05', 2.3300, 39, 23, 25, 'Garden House Crowther Way', 'PO31 7PJ'),
(10799, 'KOENE', 9, '1997-12-26', '1998-02-06', '1998-01-05', 30.7600, 40, 10, 16, 'Maubelstr. 90', '14776'),
(10800, 'SEVES', 1, '1997-12-26', '1998-01-23', '1998-01-05', 137.4400, 72, 23, 45, '90 Wadhurst Rd.', 'OX15 4NB'),
(10801, 'BOLID', 4, '1997-12-29', '1998-01-26', '1997-12-31', 97.0900, 10, 20, 49, 'C/ Araquil, 67', '28023'),
(10802, 'SIMOB', 4, '1997-12-29', '1998-01-26', '1998-01-02', 257.2600, 73, 7, 38, 'Vinbæltet 34', '1734'),
(10803, 'WELLI', 4, '1997-12-30', '1998-01-27', '1998-01-06', 55.2300, 87, 5, 70, 'Rua do Mercado, 12', '08737-363'),
(10804, 'SEVES', 6, '1997-12-30', '1998-01-27', '1998-01-07', 27.3300, 72, 23, 45, '90 Wadhurst Rd.', 'OX15 4NB'),
(10805, 'THEBI', 2, '1997-12-30', '1998-01-27', '1998-01-09', 237.3400, 77, 24, 65, '89 Jefferson Way Suite 2', '97201'),
(10806, 'VICTE', 3, '1997-12-31', '1998-01-28', '1998-01-05', 22.1100, 84, 9, 48, '2, rue du Commerce', '69004'),
(10807, 'FRANS', 4, '1997-12-31', '1998-01-28', '1998-01-30', 1.3600, 27, 12, 89, 'Via Monte Bianco 34', '10100'),
(10808, 'OLDWO', 2, '1998-01-01', '1998-01-29', '1998-01-09', 45.5300, 56, 24, 3, '2743 Bering St.', '99508'),
(10809, 'WELLI', 7, '1998-01-01', '1998-01-29', '1998-01-07', 4.8700, 87, 5, 70, 'Rua do Mercado, 12', '08737-363'),
(10810, 'LAUGB', 2, '1998-01-01', '1998-01-29', '1998-01-07', 4.3300, 43, 6, 92, '2319 Elm St.', 'V3F 2K1'),
(10811, 'LINOD', 8, '1998-01-02', '1998-01-30', '1998-01-08', 31.2200, 48, 25, 36, 'Ave. 5 de Mayo Porlamar', '4980'),
(10812, 'REGGC', 5, '1998-01-02', '1998-01-30', '1998-01-12', 59.7800, 66, 12, 68, 'Strada Provinciale 124', '42100'),
(10813, 'RICAR', 1, '1998-01-05', '1998-02-02', '1998-01-09', 47.3800, 67, 5, 71, 'Av. Copacabana, 267', '02389-890'),
(10814, 'VICTE', 3, '1998-01-05', '1998-02-02', '1998-01-14', 130.9400, 84, 9, 48, '2, rue du Commerce', '69004'),
(10815, 'SAVEA', 2, '1998-01-05', '1998-02-02', '1998-01-14', 14.6200, 71, 24, 13, '187 Suffolk Ln.', '83720'),
(10816, 'GREAL', 4, '1998-01-06', '1998-02-03', '1998-02-04', 719.7800, 33, 24, 29, '2732 Baker Blvd.', '97403'),
(10817, 'KOENE', 3, '1998-01-06', '1998-01-20', '1998-01-13', 306.0700, 40, 10, 16, 'Maubelstr. 90', '14776'),
(10818, 'MAGAA', 7, '1998-01-07', '1998-02-04', '1998-01-12', 65.4800, 50, 12, 10, 'Via Ludovico il Moro 22', '24100'),
(10819, 'CACTU', 2, '1998-01-07', '1998-02-04', '1998-01-16', 19.7600, 13, 1, 18, 'Cerrito 333', '1010'),
(10820, 'RATTC', 3, '1998-01-07', '1998-02-04', '1998-01-13', 37.5200, 65, 24, 2, '2817 Milton Dr.', '87110'),
(10821, 'SPLIR', 1, '1998-01-08', '1998-02-05', '1998-01-15', 36.6800, 75, 24, 40, 'P.O. Box 555', '82520'),
(10822, 'TRAIH', 6, '1998-01-08', '1998-02-05', '1998-01-16', 7.0000, 82, 24, 37, '722 DaVinci Blvd.', '98034'),
(10823, 'LILAS', 5, '1998-01-09', '1998-02-06', '1998-01-13', 163.9700, 47, 25, 8, 'Carrera 52 con Ave. Bolívar #65-98 Llano Largo', '3508'),
(10824, 'FOLKO', 8, '1998-01-09', '1998-02-06', '1998-01-30', 1.2300, 25, 21, 15, 'Åkergatan 24', 'S-844 67'),
(10825, 'DRACD', 1, '1998-01-09', '1998-02-06', '1998-01-14', 79.2500, 19, 10, 1, 'Walserweg 21', '52066'),
(10826, 'BLONP', 6, '1998-01-12', '1998-02-09', '1998-02-06', 7.0900, 9, 9, 84, '24, place Kléber', '67000'),
(10827, 'BONAP', 1, '1998-01-12', '1998-01-26', '1998-02-06', 63.5400, 11, 9, 52, '12, rue des Bouchers', '13008'),
(10828, 'RANCH', 9, '1998-01-13', '1998-01-27', '1998-02-04', 90.8500, 64, 1, 18, 'Av. del Libertador 900', '1010'),
(10829, 'ISLAT', 9, '1998-01-13', '1998-02-10', '1998-01-23', 154.7200, 39, 23, 25, 'Garden House Crowther Way', 'PO31 7PJ'),
(10830, 'TRADH', 4, '1998-01-13', '1998-02-24', '1998-01-21', 81.8300, 81, 5, 77, 'Av. Inês de Castro, 414', '05634-030'),
(10831, 'SANTG', 3, '1998-01-14', '1998-02-11', '1998-01-23', 72.1900, 70, 16, 81, 'Erling Skakkes gate 78', '4110'),
(10832, 'LAMAI', 2, '1998-01-14', '1998-02-11', '1998-01-19', 43.2600, 42, 9, 90, '1 rue Alsace-Lorraine', '31000'),
(10833, 'OTTIK', 6, '1998-01-15', '1998-02-12', '1998-01-23', 71.4900, 57, 10, 39, 'Mehrheimerstr. 369', '50739'),
(10834, 'TRADH', 1, '1998-01-15', '1998-02-12', '1998-01-19', 29.7800, 81, 5, 77, 'Av. Inês de Castro, 414', '05634-030'),
(10835, 'ALFKI', 1, '1998-01-15', '1998-02-12', '1998-01-21', 69.5300, 1, 10, 11, 'Obere Str. 57', '12209'),
(10836, 'ERNSH', 7, '1998-01-16', '1998-02-13', '1998-01-21', 411.8800, 22, 3, 34, 'Kirchgasse 6', '8010'),
(10837, 'BERGS', 9, '1998-01-16', '1998-02-13', '1998-01-23', 13.3200, 7, 21, 46, 'Berguvsvägen  8', 'S-958 22'),
(10838, 'LINOD', 3, '1998-01-19', '1998-02-16', '1998-01-23', 59.2800, 48, 25, 36, 'Ave. 5 de Mayo Porlamar', '4980'),
(10839, 'TRADH', 3, '1998-01-19', '1998-02-16', '1998-01-22', 35.4300, 81, 5, 77, 'Av. Inês de Castro, 414', '05634-030'),
(10840, 'LINOD', 4, '1998-01-19', '1998-03-02', '1998-02-16', 2.7100, 48, 25, 36, 'Ave. 5 de Mayo Porlamar', '4980'),
(10841, 'SUPRD', 5, '1998-01-20', '1998-02-17', '1998-01-29', 424.3000, 76, 4, 22, 'Boulevard Tirou, 255', 'B-6000'),
(10842, 'TORTU', 1, '1998-01-20', '1998-02-17', '1998-01-29', 54.4200, 80, 14, 54, 'Avda. Azteca 123', '05033'),
(10843, 'VICTE', 4, '1998-01-21', '1998-02-18', '1998-01-26', 9.2600, 84, 9, 48, '2, rue du Commerce', '69004'),
(10844, 'PICCO', 8, '1998-01-21', '1998-02-18', '1998-01-26', 25.2200, 59, 3, 73, 'Geislweg 14', '5020'),
(10845, 'QUICK', 8, '1998-01-21', '1998-02-04', '1998-01-30', 212.9800, 63, 10, 26, 'Taucherstraße 10', '01307'),
(10846, 'SUPRD', 2, '1998-01-22', '1998-03-05', '1998-01-23', 56.4600, 76, 4, 22, 'Boulevard Tirou, 255', 'B-6000'),
(10847, 'SAVEA', 4, '1998-01-22', '1998-02-05', '1998-02-10', 487.5700, 71, 24, 13, '187 Suffolk Ln.', '83720'),
(10848, 'CONSH', 7, '1998-01-23', '1998-02-20', '1998-01-29', 38.2400, 17, 23, 45, 'Berkeley Gardens 12  Brewery', 'WX1 6LT'),
(10849, 'KOENE', 9, '1998-01-23', '1998-02-20', '1998-01-30', 0.5600, 40, 10, 16, 'Maubelstr. 90', '14776'),
(10850, 'VICTE', 1, '1998-01-23', '1998-03-06', '1998-01-30', 49.1900, 84, 9, 48, '2, rue du Commerce', '69004'),
(10851, 'RICAR', 5, '1998-01-26', '1998-02-23', '1998-02-02', 160.5500, 67, 5, 71, 'Av. Copacabana, 267', '02389-890'),
(10852, 'RATTC', 8, '1998-01-26', '1998-02-09', '1998-01-30', 174.0500, 65, 24, 2, '2817 Milton Dr.', '87110'),
(10853, 'BLAUS', 9, '1998-01-27', '1998-02-24', '1998-02-03', 53.8300, 8, 10, 51, 'Forsterstr. 57', '68306'),
(10854, 'ERNSH', 3, '1998-01-27', '1998-02-24', '1998-02-05', 100.2200, 22, 3, 34, 'Kirchgasse 6', '8010'),
(10855, 'OLDWO', 3, '1998-01-27', '1998-02-24', '1998-02-04', 170.9700, 56, 24, 3, '2743 Bering St.', '99508'),
(10856, 'ANTON', 3, '1998-01-28', '1998-02-25', '1998-02-10', 58.4300, 4, 14, 54, 'Mataderos  2312', '05023'),
(10857, 'BERGS', 8, '1998-01-28', '1998-02-25', '1998-02-06', 188.8500, 7, 21, 46, 'Berguvsvägen  8', 'S-958 22'),
(10858, 'LACOR', 2, '1998-01-29', '1998-02-26', '1998-02-03', 52.5100, 41, 9, 93, '67, avenue de l\'Europe', '78000'),
(10859, 'FRANK', 1, '1998-01-29', '1998-02-26', '1998-02-02', 76.1000, 28, 10, 57, 'Berliner Platz 43', '80805'),
(10860, 'FRANR', 3, '1998-01-29', '1998-02-26', '1998-02-04', 19.2600, 26, 9, 59, '54, rue Royale', '44000'),
(10861, 'WHITC', 4, '1998-01-30', '1998-02-27', '1998-02-17', 14.9300, 88, 24, 78, '1029 - 12th Ave. S.', '98124'),
(10862, 'LEHMS', 8, '1998-01-30', '1998-03-13', '1998-02-02', 53.2300, 45, 10, 31, 'Magazinweg 7', '60528'),
(10863, 'HILAA', 4, '1998-02-02', '1998-03-02', '1998-02-17', 30.2600, 36, 25, 74, 'Carrera 22 con Ave. Carlos Soublette #8-35', '5022'),
(10864, 'AROUT', 4, '1998-02-02', '1998-03-02', '1998-02-09', 3.0400, 5, 23, 23, 'Brook Farm Stratford St. Mary', 'CO7 6JX'),
(10865, 'QUICK', 2, '1998-02-02', '1998-02-16', '1998-02-12', 348.1400, 63, 10, 26, 'Taucherstraße 10', '01307'),
(10866, 'BERGS', 5, '1998-02-03', '1998-03-03', '1998-02-12', 109.1100, 7, 21, 46, 'Berguvsvägen  8', 'S-958 22'),
(10867, 'LONEP', 6, '1998-02-03', '1998-03-17', '1998-02-11', 1.9300, 49, 24, 65, '89 Chiaroscuro Rd.', '97219'),
(10868, 'QUEEN', 7, '1998-02-04', '1998-03-04', '1998-02-23', 191.2700, 62, 5, 77, 'Alameda dos Canàrios, 891', '05487-020'),
(10869, 'SEVES', 5, '1998-02-04', '1998-03-04', '1998-02-09', 143.2800, 72, 23, 45, '90 Wadhurst Rd.', 'OX15 4NB'),
(10870, 'WOLZA', 5, '1998-02-04', '1998-03-04', '1998-02-13', 12.0400, 90, 17, 95, 'ul. Filtrowa 68', '01-012'),
(10871, 'BONAP', 9, '1998-02-05', '1998-03-05', '1998-02-10', 112.2700, 11, 9, 52, '12, rue des Bouchers', '13008'),
(10872, 'GODOS', 5, '1998-02-05', '1998-03-05', '1998-02-09', 175.3200, 31, 20, 79, 'C/ Romero, 33', '41101'),
(10873, 'WILMK', 4, '1998-02-06', '1998-03-06', '1998-02-09', 0.8200, 89, 8, 35, 'Keskuskatu 45', '21240'),
(10874, 'GODOS', 5, '1998-02-06', '1998-03-06', '1998-02-11', 19.5800, 31, 20, 79, 'C/ Romero, 33', '41101'),
(10875, 'BERGS', 4, '1998-02-06', '1998-03-06', '1998-03-03', 32.3700, 7, 21, 46, 'Berguvsvägen  8', 'S-958 22'),
(10876, 'BONAP', 7, '1998-02-09', '1998-03-09', '1998-02-12', 60.4200, 11, 9, 52, '12, rue des Bouchers', '13008'),
(10877, 'RICAR', 1, '1998-02-09', '1998-03-09', '1998-02-19', 38.0600, 67, 5, 71, 'Av. Copacabana, 267', '02389-890'),
(10878, 'QUICK', 4, '1998-02-10', '1998-03-10', '1998-02-12', 46.6900, 63, 10, 26, 'Taucherstraße 10', '01307'),
(10879, 'WILMK', 3, '1998-02-10', '1998-03-10', '1998-02-12', 8.5000, 89, 8, 35, 'Keskuskatu 45', '21240'),
(10880, 'FOLKO', 7, '1998-02-10', '1998-03-24', '1998-02-18', 88.0100, 25, 21, 15, 'Åkergatan 24', 'S-844 67'),
(10881, 'CACTU', 4, '1998-02-11', '1998-03-11', '1998-02-18', 2.8400, 13, 1, 18, 'Cerrito 333', '1010'),
(10882, 'SAVEA', 4, '1998-02-11', '1998-03-11', '1998-02-20', 23.1000, 71, 24, 13, '187 Suffolk Ln.', '83720'),
(10883, 'LONEP', 8, '1998-02-12', '1998-03-12', '1998-02-20', 0.5300, 49, 24, 65, '89 Chiaroscuro Rd.', '97219'),
(10884, 'LETSS', 4, '1998-02-12', '1998-03-12', '1998-02-13', 90.9700, 46, 24, 75, '87 Polk St. Suite 5', '94117'),
(10885, 'SUPRD', 6, '1998-02-12', '1998-03-12', '1998-02-18', 5.6400, 76, 4, 22, 'Boulevard Tirou, 255', 'B-6000'),
(10886, 'HANAR', 1, '1998-02-13', '1998-03-13', '1998-03-02', 4.9900, 35, 5, 71, 'Rua do Paço, 67', '05454-876'),
(10887, 'GALED', 8, '1998-02-13', '1998-03-13', '1998-02-16', 1.2500, 30, 20, 7, 'Rambla de Cataluña, 23', '8022'),
(10888, 'GODOS', 1, '1998-02-16', '1998-03-16', '1998-02-23', 51.8700, 31, 20, 79, 'C/ Romero, 33', '41101'),
(10889, 'RATTC', 9, '1998-02-16', '1998-03-16', '1998-02-23', 280.6100, 65, 24, 2, '2817 Milton Dr.', '87110'),
(10890, 'DUMON', 7, '1998-02-16', '1998-03-16', '1998-02-18', 32.7600, 20, 9, 59, '67, rue des Cinquante Otages', '44000'),
(10891, 'LEHMS', 7, '1998-02-17', '1998-03-17', '1998-02-19', 20.3700, 45, 10, 31, 'Magazinweg 7', '60528'),
(10892, 'MAISD', 4, '1998-02-17', '1998-03-17', '1998-02-19', 120.2700, 51, 4, 17, 'Rue Joseph-Bens 532', 'B-1180'),
(10893, 'KOENE', 9, '1998-02-18', '1998-03-18', '1998-02-20', 77.7800, 40, 10, 16, 'Maubelstr. 90', '14776'),
(10894, 'SAVEA', 1, '1998-02-18', '1998-03-18', '1998-02-20', 116.1300, 71, 24, 13, '187 Suffolk Ln.', '83720'),
(10895, 'ERNSH', 3, '1998-02-18', '1998-03-18', '1998-02-23', 162.7500, 22, 3, 34, 'Kirchgasse 6', '8010'),
(10896, 'MAISD', 7, '1998-02-19', '1998-03-19', '1998-02-27', 32.4500, 51, 4, 17, 'Rue Joseph-Bens 532', 'B-1180'),
(10897, 'HUNGO', 3, '1998-02-19', '1998-03-19', '1998-02-25', 603.5400, 38, 11, 24, '8 Johnstown Road', NULL),
(10898, 'OCEAN', 4, '1998-02-20', '1998-03-20', '1998-03-06', 1.2700, 55, 1, 18, 'Ing. Gustavo Moncada 8585 Piso 20-A', '1010'),
(10899, 'LILAS', 5, '1998-02-20', '1998-03-20', '1998-02-26', 1.2100, 47, 25, 8, 'Carrera 52 con Ave. Bolívar #65-98 Llano Largo', '3508'),
(10900, 'WELLI', 1, '1998-02-20', '1998-03-20', '1998-03-04', 1.6600, 87, 5, 70, 'Rua do Mercado, 12', '08737-363'),
(10901, 'HILAA', 4, '1998-02-23', '1998-03-23', '1998-02-26', 62.0900, 36, 25, 74, 'Carrera 22 con Ave. Carlos Soublette #8-35', '5022'),
(10902, 'FOLKO', 1, '1998-02-23', '1998-03-23', '1998-03-03', 44.1500, 25, 21, 15, 'Åkergatan 24', 'S-844 67'),
(10903, 'HANAR', 3, '1998-02-24', '1998-03-24', '1998-03-04', 36.7100, 35, 5, 71, 'Rua do Paço, 67', '05454-876'),
(10904, 'WHITC', 3, '1998-02-24', '1998-03-24', '1998-02-27', 162.9500, 88, 24, 78, '1029 - 12th Ave. S.', '98124'),
(10905, 'WELLI', 9, '1998-02-24', '1998-03-24', '1998-03-06', 13.7200, 87, 5, 70, 'Rua do Mercado, 12', '08737-363'),
(10906, 'WOLZA', 4, '1998-02-25', '1998-03-11', '1998-03-03', 26.2900, 90, 17, 95, 'ul. Filtrowa 68', '01-012'),
(10907, 'SPECD', 6, '1998-02-25', '1998-03-25', '1998-02-27', 9.1900, 74, 9, 64, '25, rue Lauriston', '75016'),
(10908, 'REGGC', 4, '1998-02-26', '1998-03-26', '1998-03-06', 32.9600, 66, 12, 68, 'Strada Provinciale 124', '42100'),
(10909, 'SANTG', 1, '1998-02-26', '1998-03-26', '1998-03-10', 53.0500, 70, 16, 81, 'Erling Skakkes gate 78', '4110'),
(10910, 'WILMK', 1, '1998-02-26', '1998-03-26', '1998-03-04', 38.1100, 89, 8, 35, 'Keskuskatu 45', '21240'),
(10911, 'GODOS', 3, '1998-02-26', '1998-03-26', '1998-03-05', 38.1900, 31, 20, 79, 'C/ Romero, 33', '41101'),
(10912, 'HUNGO', 2, '1998-02-26', '1998-03-26', '1998-03-18', 580.9100, 38, 11, 24, '8 Johnstown Road', NULL),
(10913, 'QUEEN', 4, '1998-02-26', '1998-03-26', '1998-03-04', 33.0500, 62, 5, 77, 'Alameda dos Canàrios, 891', '05487-020'),
(10914, 'QUEEN', 6, '1998-02-27', '1998-03-27', '1998-03-02', 21.1900, 62, 5, 77, 'Alameda dos Canàrios, 891', '05487-020'),
(10915, 'TORTU', 2, '1998-02-27', '1998-03-27', '1998-03-02', 3.5100, 80, 14, 54, 'Avda. Azteca 123', '05033'),
(10916, 'RANCH', 1, '1998-02-27', '1998-03-27', '1998-03-09', 63.7700, 64, 1, 18, 'Av. del Libertador 900', '1010'),
(10917, 'ROMEY', 4, '1998-03-02', '1998-03-30', '1998-03-11', 8.2900, 69, 20, 49, 'Gran Vía, 1', '28001'),
(10918, 'BOTTM', 3, '1998-03-02', '1998-03-30', '1998-03-11', 48.8300, 12, 6, 91, '23 Tsawassen Blvd.', 'T2F 8M4'),
(10919, 'LINOD', 2, '1998-03-02', '1998-03-30', '1998-03-04', 19.8000, 48, 25, 36, 'Ave. 5 de Mayo Porlamar', '4980'),
(10920, 'AROUT', 4, '1998-03-03', '1998-03-31', '1998-03-09', 29.6100, 5, 23, 23, 'Brook Farm Stratford St. Mary', 'CO7 6JX'),
(10921, 'VAFFE', 1, '1998-03-03', '1998-04-14', '1998-03-09', 176.4800, 83, 7, 6, 'Smagsloget 45', '8200'),
(10922, 'HANAR', 5, '1998-03-03', '1998-03-31', '1998-03-05', 62.7400, 35, 5, 71, 'Rua do Paço, 67', '05454-876'),
(10923, 'LAMAI', 7, '1998-03-03', '1998-04-14', '1998-03-13', 68.2600, 42, 9, 90, '1 rue Alsace-Lorraine', '31000'),
(10924, 'BERGS', 3, '1998-03-04', '1998-04-01', '1998-04-08', 151.5200, 7, 21, 46, 'Berguvsvägen  8', 'S-958 22'),
(10925, 'HANAR', 3, '1998-03-04', '1998-04-01', '1998-03-13', 2.2700, 35, 5, 71, 'Rua do Paço, 67', '05454-876'),
(10926, 'ANATR', 4, '1998-03-04', '1998-04-01', '1998-03-11', 39.9200, 3, 14, 54, 'Avda. de la Constitución 2222', '05021'),
(10927, 'LACOR', 4, '1998-03-05', '1998-04-02', '1998-04-08', 19.7900, 41, 9, 93, '67, avenue de l\'Europe', '78000'),
(10928, 'GALED', 1, '1998-03-05', '1998-04-02', '1998-03-18', 1.3600, 30, 20, 7, 'Rambla de Cataluña, 23', '8022'),
(10929, 'FRANK', 6, '1998-03-05', '1998-04-02', '1998-03-12', 33.9300, 28, 10, 57, 'Berliner Platz 43', '80805'),
(10930, 'SUPRD', 4, '1998-03-06', '1998-04-17', '1998-03-18', 15.5500, 76, 4, 22, 'Boulevard Tirou, 255', 'B-6000'),
(10931, 'RICSU', 4, '1998-03-06', '1998-03-20', '1998-03-19', 13.6000, 68, 22, 32, 'Starenweg 5', '1204'),
(10932, 'BONAP', 8, '1998-03-06', '1998-04-03', '1998-03-24', 134.6400, 11, 9, 52, '12, rue des Bouchers', '13008'),
(10933, 'ISLAT', 6, '1998-03-06', '1998-04-03', '1998-03-16', 54.1500, 39, 23, 25, 'Garden House Crowther Way', 'PO31 7PJ'),
(10934, 'LEHMS', 3, '1998-03-09', '1998-04-06', '1998-03-12', 32.0100, 45, 10, 31, 'Magazinweg 7', '60528'),
(10935, 'WELLI', 4, '1998-03-09', '1998-04-06', '1998-03-18', 47.5900, 87, 5, 70, 'Rua do Mercado, 12', '08737-363'),
(10936, 'GREAL', 3, '1998-03-09', '1998-04-06', '1998-03-18', 33.6800, 33, 24, 29, '2732 Baker Blvd.', '97403'),
(10937, 'CACTU', 7, '1998-03-10', '1998-03-24', '1998-03-13', 31.5100, 13, 1, 18, 'Cerrito 333', '1010'),
(10938, 'QUICK', 3, '1998-03-10', '1998-04-07', '1998-03-16', 31.8900, 63, 10, 26, 'Taucherstraße 10', '01307'),
(10939, 'MAGAA', 2, '1998-03-10', '1998-04-07', '1998-03-13', 76.3300, 50, 12, 10, 'Via Ludovico il Moro 22', '24100'),
(10940, 'BONAP', 8, '1998-03-11', '1998-04-08', '1998-03-23', 19.7700, 11, 9, 52, '12, rue des Bouchers', '13008'),
(10941, 'SAVEA', 7, '1998-03-11', '1998-04-08', '1998-03-20', 400.8100, 71, 24, 13, '187 Suffolk Ln.', '83720'),
(10942, 'REGGC', 9, '1998-03-11', '1998-04-08', '1998-03-18', 17.9500, 66, 12, 68, 'Strada Provinciale 124', '42100'),
(10943, 'BSBEV', 4, '1998-03-11', '1998-04-08', '1998-03-19', 2.1700, 6, 23, 45, 'Fauntleroy Circus', 'EC2 5NT'),
(10944, 'BOTTM', 6, '1998-03-12', '1998-03-26', '1998-03-13', 52.9200, 12, 6, 91, '23 Tsawassen Blvd.', 'T2F 8M4'),
(10945, 'MORGK', 4, '1998-03-12', '1998-04-09', '1998-03-18', 10.2200, 53, 10, 42, 'Heerstr. 22', '04179'),
(10946, 'VAFFE', 1, '1998-03-12', '1998-04-09', '1998-03-19', 27.2000, 83, 7, 6, 'Smagsloget 45', '8200'),
(10947, 'BSBEV', 3, '1998-03-13', '1998-04-10', '1998-03-16', 3.2600, 6, 23, 45, 'Fauntleroy Circus', 'EC2 5NT'),
(10948, 'GODOS', 3, '1998-03-13', '1998-04-10', '1998-03-19', 23.3900, 31, 20, 79, 'C/ Romero, 33', '41101'),
(10949, 'BOTTM', 2, '1998-03-13', '1998-04-10', '1998-03-17', 74.4400, 12, 6, 91, '23 Tsawassen Blvd.', 'T2F 8M4'),
(10950, 'MAGAA', 1, '1998-03-16', '1998-04-13', '1998-03-23', 2.5000, 50, 12, 10, 'Via Ludovico il Moro 22', '24100'),
(10951, 'RICSU', 9, '1998-03-16', '1998-04-27', '1998-04-07', 30.8500, 68, 22, 32, 'Starenweg 5', '1204'),
(10952, 'ALFKI', 1, '1998-03-16', '1998-04-27', '1998-03-24', 40.4200, 1, 10, 11, 'Obere Str. 57', '12209'),
(10953, 'AROUT', 9, '1998-03-16', '1998-03-30', '1998-03-25', 23.7200, 5, 23, 23, 'Brook Farm Stratford St. Mary', 'CO7 6JX'),
(10954, 'LINOD', 5, '1998-03-17', '1998-04-28', '1998-03-20', 27.9100, 48, 25, 36, 'Ave. 5 de Mayo Porlamar', '4980'),
(10955, 'FOLKO', 8, '1998-03-17', '1998-04-14', '1998-03-20', 3.2600, 25, 21, 15, 'Åkergatan 24', 'S-844 67'),
(10956, 'BLAUS', 6, '1998-03-17', '1998-04-28', '1998-03-20', 44.6500, 8, 10, 51, 'Forsterstr. 57', '68306'),
(10957, 'HILAA', 8, '1998-03-18', '1998-04-15', '1998-03-27', 105.3600, 36, 25, 74, 'Carrera 22 con Ave. Carlos Soublette #8-35', '5022'),
(10958, 'OCEAN', 7, '1998-03-18', '1998-04-15', '1998-03-27', 49.5600, 55, 1, 18, 'Ing. Gustavo Moncada 8585 Piso 20-A', '1010'),
(10959, 'GOURL', 6, '1998-03-18', '1998-04-29', '1998-03-23', 4.9800, 32, 5, 20, 'Av. Brasil, 442', '04876-786'),
(10960, 'HILAA', 3, '1998-03-19', '1998-04-02', '1998-04-08', 2.0800, 36, 25, 74, 'Carrera 22 con Ave. Carlos Soublette #8-35', '5022'),
(10961, 'QUEEN', 8, '1998-03-19', '1998-04-16', '1998-03-30', 104.4700, 62, 5, 77, 'Alameda dos Canàrios, 891', '05487-020'),
(10962, 'QUICK', 8, '1998-03-19', '1998-04-16', '1998-03-23', 275.7900, 63, 10, 26, 'Taucherstraße 10', '01307'),
(10963, 'FURIB', 9, '1998-03-19', '1998-04-16', '1998-03-26', 2.7000, 29, 18, 44, 'Jardim das rosas n. 32', '1675'),
(10964, 'SPECD', 3, '1998-03-20', '1998-04-17', '1998-03-24', 87.3800, 74, 9, 64, '25, rue Lauriston', '75016'),
(10965, 'OLDWO', 6, '1998-03-20', '1998-04-17', '1998-03-30', 144.3800, 56, 24, 3, '2743 Bering St.', '99508'),
(10966, 'CHOPS', 4, '1998-03-20', '1998-04-17', '1998-04-08', 27.1900, 15, 22, 12, 'Hauptstr. 31', '3012'),
(10967, 'TOMSP', 2, '1998-03-23', '1998-04-20', '1998-04-02', 62.2200, 79, 10, 58, 'Luisenstr. 48', '44087'),
(10968, 'ERNSH', 1, '1998-03-23', '1998-04-20', '1998-04-01', 74.6000, 22, 3, 34, 'Kirchgasse 6', '8010'),
(10969, 'COMMI', 1, '1998-03-23', '1998-04-20', '1998-03-30', 0.2100, 16, 5, 77, 'Av. dos Lusíadas, 23', '05432-043'),
(10970, 'BOLID', 9, '1998-03-24', '1998-04-07', '1998-04-24', 16.1600, 10, 20, 49, 'C/ Araquil, 67', '28023'),
(10971, 'FRANR', 2, '1998-03-24', '1998-04-21', '1998-04-02', 121.8200, 26, 9, 59, '54, rue Royale', '44000'),
(10972, 'LACOR', 4, '1998-03-24', '1998-04-21', '1998-03-26', 0.0200, 41, 9, 93, '67, avenue de l\'Europe', '78000'),
(10973, 'LACOR', 6, '1998-03-24', '1998-04-21', '1998-03-27', 15.1700, 41, 9, 93, '67, avenue de l\'Europe', '78000'),
(10974, 'SPLIR', 3, '1998-03-25', '1998-04-08', '1998-04-03', 12.9600, 75, 24, 40, 'P.O. Box 555', '82520'),
(10975, 'BOTTM', 1, '1998-03-25', '1998-04-22', '1998-03-27', 32.2700, 12, 6, 91, '23 Tsawassen Blvd.', 'T2F 8M4'),
(10976, 'HILAA', 1, '1998-03-25', '1998-05-06', '1998-04-03', 37.9700, 36, 25, 74, 'Carrera 22 con Ave. Carlos Soublette #8-35', '5022'),
(10977, 'FOLKO', 8, '1998-03-26', '1998-04-23', '1998-04-10', 208.5000, 25, 21, 15, 'Åkergatan 24', 'S-844 67'),
(10978, 'MAISD', 9, '1998-03-26', '1998-04-23', '1998-04-23', 32.8200, 51, 4, 17, 'Rue Joseph-Bens 532', 'B-1180'),
(10979, 'ERNSH', 8, '1998-03-26', '1998-04-23', '1998-03-31', 353.0700, 22, 3, 34, 'Kirchgasse 6', '8010'),
(10980, 'FOLKO', 4, '1998-03-27', '1998-05-08', '1998-04-17', 1.2600, 25, 21, 15, 'Åkergatan 24', 'S-844 67'),
(10981, 'HANAR', 1, '1998-03-27', '1998-04-24', '1998-04-02', 193.3700, 35, 5, 71, 'Rua do Paço, 67', '05454-876'),
(10982, 'BOTTM', 2, '1998-03-27', '1998-04-24', '1998-04-08', 14.0100, 12, 6, 91, '23 Tsawassen Blvd.', 'T2F 8M4'),
(10983, 'SAVEA', 2, '1998-03-27', '1998-04-24', '1998-04-06', 657.5400, 71, 24, 13, '187 Suffolk Ln.', '83720'),
(10984, 'SAVEA', 1, '1998-03-30', '1998-04-27', '1998-04-03', 211.2200, 71, 24, 13, '187 Suffolk Ln.', '83720'),
(10985, 'HUNGO', 2, '1998-03-30', '1998-04-27', '1998-04-02', 91.5100, 38, 11, 24, '8 Johnstown Road', NULL),
(10986, 'OCEAN', 8, '1998-03-30', '1998-04-27', '1998-04-21', 217.8600, 55, 1, 18, 'Ing. Gustavo Moncada 8585 Piso 20-A', '1010'),
(10987, 'EASTC', 8, '1998-03-31', '1998-04-28', '1998-04-06', 185.4800, 21, 23, 45, '35 King George', 'WX3 6FW'),
(10988, 'RATTC', 3, '1998-03-31', '1998-04-28', '1998-04-10', 61.1400, 65, 24, 2, '2817 Milton Dr.', '87110'),
(10989, 'QUEDE', 2, '1998-03-31', '1998-04-28', '1998-04-02', 34.7600, 61, 5, 71, 'Rua da Panificadora, 12', '02389-673'),
(10990, 'ERNSH', 2, '1998-04-01', '1998-05-13', '1998-04-07', 117.6100, 22, 3, 34, 'Kirchgasse 6', '8010'),
(10991, 'QUICK', 1, '1998-04-01', '1998-04-29', '1998-04-07', 38.5100, 63, 10, 26, 'Taucherstraße 10', '01307'),
(10992, 'THEBI', 1, '1998-04-01', '1998-04-29', '1998-04-03', 4.2700, 77, 24, 65, '89 Jefferson Way Suite 2', '97201'),
(10993, 'FOLKO', 7, '1998-04-01', '1998-04-29', '1998-04-10', 8.8100, 25, 21, 15, 'Åkergatan 24', 'S-844 67'),
(10994, 'VAFFE', 2, '1998-04-02', '1998-04-16', '1998-04-09', 65.5300, 83, 7, 6, 'Smagsloget 45', '8200'),
(10995, 'PERIC', 1, '1998-04-02', '1998-04-30', '1998-04-06', 46.0000, 58, 14, 54, 'Calle Dr. Jorge Cash 321', '05033'),
(10996, 'QUICK', 4, '1998-04-02', '1998-04-30', '1998-04-10', 1.1200, 63, 10, 26, 'Taucherstraße 10', '01307'),
(10997, 'LILAS', 8, '1998-04-03', '1998-05-15', '1998-04-13', 73.9100, 47, 25, 8, 'Carrera 52 con Ave. Bolívar #65-98 Llano Largo', '3508'),
(10998, 'WOLZA', 8, '1998-04-03', '1998-04-17', '1998-04-17', 20.3100, 90, 17, 95, 'ul. Filtrowa 68', '01-012'),
(10999, 'OTTIK', 6, '1998-04-03', '1998-05-01', '1998-04-10', 96.3500, 57, 10, 39, 'Mehrheimerstr. 369', '50739'),
(11000, 'RATTC', 2, '1998-04-06', '1998-05-04', '1998-04-14', 55.1200, 65, 24, 2, '2817 Milton Dr.', '87110'),
(11001, 'FOLKO', 2, '1998-04-06', '1998-05-04', '1998-04-14', 197.3000, 25, 21, 15, 'Åkergatan 24', 'S-844 67'),
(11002, 'SAVEA', 4, '1998-04-06', '1998-05-04', '1998-04-16', 141.1600, 71, 24, 13, '187 Suffolk Ln.', '83720'),
(11003, 'THECR', 3, '1998-04-06', '1998-05-04', '1998-04-08', 14.9100, 78, 24, 19, '55 Grizzly Peak Rd.', '59801'),
(11004, 'MAISD', 3, '1998-04-07', '1998-05-05', '1998-04-20', 44.8400, 51, 4, 17, 'Rue Joseph-Bens 532', 'B-1180'),
(11005, 'WILMK', 2, '1998-04-07', '1998-05-05', '1998-04-10', 0.7500, 89, 8, 35, 'Keskuskatu 45', '21240'),
(11006, 'GREAL', 3, '1998-04-07', '1998-05-05', '1998-04-15', 25.1900, 33, 24, 29, '2732 Baker Blvd.', '97403'),
(11007, 'PRINI', 8, '1998-04-08', '1998-05-06', '1998-04-13', 202.2400, 60, 18, 44, 'Estrada da saúde n. 58', '1756'),
(11008, 'ERNSH', 7, '1998-04-08', '1998-05-06', NULL, 79.4600, 22, 3, 34, 'Kirchgasse 6', '8010'),
(11009, 'GODOS', 2, '1998-04-08', '1998-05-06', '1998-04-10', 59.1100, 31, 20, 79, 'C/ Romero, 33', '41101'),
(11010, 'REGGC', 2, '1998-04-09', '1998-05-07', '1998-04-21', 28.7100, 66, 12, 68, 'Strada Provinciale 124', '42100'),
(11011, 'ALFKI', 3, '1998-04-09', '1998-05-07', '1998-04-13', 1.2100, 1, 10, 11, 'Obere Str. 57', '12209'),
(11012, 'FRANK', 1, '1998-04-09', '1998-04-23', '1998-04-17', 242.9500, 28, 10, 57, 'Berliner Platz 43', '80805'),
(11013, 'ROMEY', 2, '1998-04-09', '1998-05-07', '1998-04-10', 32.9900, 69, 20, 49, 'Gran Vía, 1', '28001'),
(11014, 'LINOD', 2, '1998-04-10', '1998-05-08', '1998-04-15', 23.6000, 48, 25, 36, 'Ave. 5 de Mayo Porlamar', '4980'),
(11015, 'SANTG', 2, '1998-04-10', '1998-04-24', '1998-04-20', 4.6200, 70, 16, 81, 'Erling Skakkes gate 78', '4110'),
(11016, 'AROUT', 9, '1998-04-10', '1998-05-08', '1998-04-13', 33.8000, 5, 23, 23, 'Brook Farm Stratford St. Mary', 'CO7 6JX'),
(11017, 'ERNSH', 9, '1998-04-13', '1998-05-11', '1998-04-20', 754.2600, 22, 3, 34, 'Kirchgasse 6', '8010'),
(11018, 'LONEP', 4, '1998-04-13', '1998-05-11', '1998-04-16', 11.6500, 49, 24, 65, '89 Chiaroscuro Rd.', '97219'),
(11019, 'RANCH', 6, '1998-04-13', '1998-05-11', NULL, 3.1700, 64, 1, 18, 'Av. del Libertador 900', '1010'),
(11020, 'OTTIK', 2, '1998-04-14', '1998-05-12', '1998-04-16', 43.3000, 57, 10, 39, 'Mehrheimerstr. 369', '50739'),
(11021, 'QUICK', 3, '1998-04-14', '1998-05-12', '1998-04-21', 297.1800, 63, 10, 26, 'Taucherstraße 10', '01307'),
(11022, 'HANAR', 9, '1998-04-14', '1998-05-12', '1998-05-04', 6.2700, 35, 5, 71, 'Rua do Paço, 67', '05454-876'),
(11023, 'BSBEV', 1, '1998-04-14', '1998-04-28', '1998-04-24', 123.8300, 6, 23, 45, 'Fauntleroy Circus', 'EC2 5NT'),
(11024, 'EASTC', 4, '1998-04-15', '1998-05-13', '1998-04-20', 74.3600, 21, 23, 45, '35 King George', 'WX3 6FW'),
(11025, 'WARTH', 6, '1998-04-15', '1998-05-13', '1998-04-24', 29.1700, 86, 8, 62, 'Torikatu 38', '90110'),
(11026, 'FRANS', 4, '1998-04-15', '1998-05-13', '1998-04-28', 47.0900, 27, 12, 89, 'Via Monte Bianco 34', '10100'),
(11027, 'BOTTM', 1, '1998-04-16', '1998-05-14', '1998-04-20', 52.5200, 12, 6, 91, '23 Tsawassen Blvd.', 'T2F 8M4'),
(11028, 'KOENE', 2, '1998-04-16', '1998-05-14', '1998-04-22', 29.5900, 40, 10, 16, 'Maubelstr. 90', '14776'),
(11029, 'CHOPS', 4, '1998-04-16', '1998-05-14', '1998-04-27', 47.8400, 15, 22, 12, 'Hauptstr. 31', '3012'),
(11030, 'SAVEA', 7, '1998-04-17', '1998-05-15', '1998-04-27', 830.7500, 71, 24, 13, '187 Suffolk Ln.', '83720'),
(11031, 'SAVEA', 6, '1998-04-17', '1998-05-15', '1998-04-24', 227.2200, 71, 24, 13, '187 Suffolk Ln.', '83720'),
(11032, 'WHITC', 2, '1998-04-17', '1998-05-15', '1998-04-23', 606.1900, 88, 24, 78, '1029 - 12th Ave. S.', '98124'),
(11033, 'RICSU', 7, '1998-04-17', '1998-05-15', '1998-04-23', 84.7400, 68, 22, 32, 'Starenweg 5', '1204'),
(11034, 'OLDWO', 8, '1998-04-20', '1998-06-01', '1998-04-27', 40.3200, 56, 24, 3, '2743 Bering St.', '99508'),
(11035, 'SUPRD', 2, '1998-04-20', '1998-05-18', '1998-04-24', 0.1700, 76, 4, 22, 'Boulevard Tirou, 255', 'B-6000'),
(11036, 'DRACD', 8, '1998-04-20', '1998-05-18', '1998-04-22', 149.4700, 19, 10, 1, 'Walserweg 21', '52066'),
(11037, 'GODOS', 7, '1998-04-21', '1998-05-19', '1998-04-27', 3.2000, 31, 20, 79, 'C/ Romero, 33', '41101'),
(11038, 'SUPRD', 1, '1998-04-21', '1998-05-19', '1998-04-30', 29.5900, 76, 4, 22, 'Boulevard Tirou, 255', 'B-6000'),
(11039, 'LINOD', 1, '1998-04-21', '1998-05-19', NULL, 65.0000, 48, 25, 36, 'Ave. 5 de Mayo Porlamar', '4980'),
(11040, 'GREAL', 4, '1998-04-22', '1998-05-20', NULL, 18.8400, 33, 24, 29, '2732 Baker Blvd.', '97403'),
(11041, 'CHOPS', 3, '1998-04-22', '1998-05-20', '1998-04-28', 48.2200, 15, 22, 12, 'Hauptstr. 31', '3012'),
(11042, 'COMMI', 2, '1998-04-22', '1998-05-06', '1998-05-01', 29.9900, 16, 5, 77, 'Av. dos Lusíadas, 23', '05432-043'),
(11043, 'SPECD', 5, '1998-04-22', '1998-05-20', '1998-04-29', 8.8000, 74, 9, 64, '25, rue Lauriston', '75016'),
(11044, 'WOLZA', 4, '1998-04-23', '1998-05-21', '1998-05-01', 8.7200, 90, 17, 95, 'ul. Filtrowa 68', '01-012'),
(11045, 'BOTTM', 6, '1998-04-23', '1998-05-21', NULL, 70.5800, 12, 6, 91, '23 Tsawassen Blvd.', 'T2F 8M4'),
(11046, 'WANDK', 8, '1998-04-23', '1998-05-21', '1998-04-24', 71.6400, 18, 10, 85, 'Adenauerallee 900', '70563'),
(11047, 'EASTC', 7, '1998-04-24', '1998-05-22', '1998-05-01', 46.6200, 21, 23, 45, '35 King George', 'WX3 6FW'),
(11048, 'BOTTM', 7, '1998-04-24', '1998-05-22', '1998-04-30', 24.1200, 12, 6, 91, '23 Tsawassen Blvd.', 'T2F 8M4'),
(11049, 'GOURL', 3, '1998-04-24', '1998-05-22', '1998-05-04', 8.3400, 32, 5, 20, 'Av. Brasil, 442', '04876-786'),
(11050, 'FOLKO', 8, '1998-04-27', '1998-05-25', '1998-05-05', 59.4100, 25, 21, 15, 'Åkergatan 24', 'S-844 67'),
(11051, 'LAMAI', 7, '1998-04-27', '1998-05-25', NULL, 2.7900, 42, 9, 90, '1 rue Alsace-Lorraine', '31000'),
(11052, 'HANAR', 3, '1998-04-27', '1998-05-25', '1998-05-01', 67.2600, 35, 5, 71, 'Rua do Paço, 67', '05454-876'),
(11053, 'PICCO', 2, '1998-04-27', '1998-05-25', '1998-04-29', 53.0500, 59, 3, 73, 'Geislweg 14', '5020'),
(11054, 'CACTU', 8, '1998-04-28', '1998-05-26', NULL, 0.3300, 13, 1, 18, 'Cerrito 333', '1010'),
(11055, 'HILAA', 7, '1998-04-28', '1998-05-26', '1998-05-05', 120.9200, 36, 25, 74, 'Carrera 22 con Ave. Carlos Soublette #8-35', '5022'),
(11056, 'EASTC', 8, '1998-04-28', '1998-05-12', '1998-05-01', 278.9600, 21, 23, 45, '35 King George', 'WX3 6FW'),
(11057, 'NORTS', 3, '1998-04-29', '1998-05-27', '1998-05-01', 4.1300, 54, 23, 45, 'South House 300 Queensbridge', 'SW7 1RZ'),
(11058, 'BLAUS', 9, '1998-04-29', '1998-05-27', NULL, 31.1400, 8, 10, 51, 'Forsterstr. 57', '68306'),
(11059, 'RICAR', 2, '1998-04-29', '1998-06-10', NULL, 85.8000, 67, 5, 71, 'Av. Copacabana, 267', '02389-890'),
(11060, 'FRANS', 2, '1998-04-30', '1998-05-28', '1998-05-04', 10.9800, 27, 12, 89, 'Via Monte Bianco 34', '10100'),
(11061, 'GREAL', 4, '1998-04-30', '1998-06-11', NULL, 14.0100, 33, 24, 29, '2732 Baker Blvd.', '97403'),
(11062, 'REGGC', 4, '1998-04-30', '1998-05-28', NULL, 29.9300, 66, 12, 68, 'Strada Provinciale 124', '42100'),
(11063, 'HUNGO', 3, '1998-04-30', '1998-05-28', '1998-05-06', 81.7300, 38, 11, 24, '8 Johnstown Road', NULL),
(11064, 'SAVEA', 1, '1998-05-01', '1998-05-29', '1998-05-04', 30.0900, 71, 24, 13, '187 Suffolk Ln.', '83720'),
(11065, 'LILAS', 8, '1998-05-01', '1998-05-29', NULL, 12.9100, 47, 25, 8, 'Carrera 52 con Ave. Bolívar #65-98 Llano Largo', '3508'),
(11066, 'WHITC', 7, '1998-05-01', '1998-05-29', '1998-05-04', 44.7200, 88, 24, 78, '1029 - 12th Ave. S.', '98124'),
(11067, 'DRACD', 1, '1998-05-04', '1998-05-18', '1998-05-06', 7.9800, 19, 10, 1, 'Walserweg 21', '52066'),
(11068, 'QUEEN', 8, '1998-05-04', '1998-06-01', NULL, 81.7500, 62, 5, 77, 'Alameda dos Canàrios, 891', '05487-020'),
(11069, 'TORTU', 1, '1998-05-04', '1998-06-01', '1998-05-06', 15.6700, 80, 14, 54, 'Avda. Azteca 123', '05033'),
(11070, 'LEHMS', 2, '1998-05-05', '1998-06-02', NULL, 136.0000, 45, 10, 31, 'Magazinweg 7', '60528'),
(11071, 'LILAS', 1, '1998-05-05', '1998-06-02', NULL, 0.9300, 47, 25, 8, 'Carrera 52 con Ave. Bolívar #65-98 Llano Largo', '3508'),
(11072, 'ERNSH', 4, '1998-05-05', '1998-06-02', NULL, 258.6400, 22, 3, 34, 'Kirchgasse 6', '8010'),
(11073, 'PERIC', 2, '1998-05-05', '1998-06-02', NULL, 24.9500, 58, 14, 54, 'Calle Dr. Jorge Cash 321', '05033'),
(11074, 'SIMOB', 7, '1998-05-06', '1998-06-03', NULL, 18.4400, 73, 7, 38, 'Vinbæltet 34', '1734'),
(11075, 'RICSU', 8, '1998-05-06', '1998-06-03', NULL, 6.1900, 68, 22, 32, 'Starenweg 5', '1204'),
(11076, 'BONAP', 4, '1998-05-06', '1998-06-03', NULL, 38.2800, 11, 9, 52, '12, rue des Bouchers', '13008'),
(11077, 'RATTC', 1, '1998-05-06', '1998-06-03', NULL, 8.5300, 65, 24, 2, '2817 Milton Dr.', '87110');

CREATE TABLE `products` (
  `id` int(11) NOT NULL,
  `name` varchar(40) NOT NULL,
  `price` decimal(19,4) DEFAULT 0.0000,
  `stock` smallint(6) DEFAULT 0,
  `categoryId` int(11) DEFAULT NULL,
  `supplierId` int(11) DEFAULT NULL,
  `quantity` varchar(20) DEFAULT NULL,
  `imageName` varchar(50) DEFAULT NULL
) ENGINE=InnoDB DEFAULT CHARSET=utf8mb4 COLLATE=utf8mb4_general_ci;

INSERT INTO `products` (`id`, `name`, `price`, `stock`, `categoryId`, `supplierId`, `quantity`, `imageName`) VALUES
(1, 'Chai', 18.0000, 39, 1, 1, '10 boxes x 20 bags', '01a5a6d5-6cc4-4e72-8f5d-e44efd3bc3d7.jpg'),
(2, 'Chang', 19.0000, 17, 1, 1, '24 - 12 oz bottles', '02ac1e2b-e506-428f-9be3-deca868a1100.jpg'),
(3, 'Aniseed Syrup', 10.0000, 13, 2, 1, '12 - 550 ml bottles', '03a3d387-5d66-429f-9b22-f58d388d81a5.jpg'),
(4, 'Chef Anton\'s Cajun Seasoning', 22.0000, 53, 2, 2, '48 - 6 oz jars', '04a79fa9-f22d-4caf-a5d2-14f975425a8f.jpg'),
(5, 'Chef Anton\'s Gumbo Mix', 21.3500, 0, 2, 2, '36 boxes', '05a5a7b5-0652-4e6d-9832-26613126cb68.jpg'),
(6, 'Grandma\'s Boysenberry Spread', 25.0000, 120, 2, 3, '12 - 8 oz jars', '06a2a0a2-6191-4fb2-bc2d-649e6b2872c0.jpg'),
(7, 'Uncle Bob\'s Organic Dried Pears', 30.0000, 15, 7, 3, '12 - 1 lb pkgs.', '07a71aa7-9b74-4142-af23-f9513efbd4d5.jpg'),
(8, 'Northwoods Cranberry Sauce', 40.0000, 6, 2, 3, '12 - 12 oz jars', '08afab5a-3668-46ed-8e33-cd0f617e1af8.jpg'),
(9, 'Mishi Kobe Niku', 97.0000, 29, 6, 4, '18 - 500 g pkgs.', '09a5a5b3-773e-41e2-86b9-d61350451427.jpg'),
(10, 'Ikura', 31.0000, 31, 8, 4, '12 - 200 ml jars', '10ac08d1-1da9-42bf-a45c-f6026b577b94.jpg'),
(11, 'Queso Cabrales', 21.0000, 22, 4, 5, '1 kg pkg.', '11a892b3-febc-49e1-b9d7-6e1b4e9be23a.jpg'),
(12, 'Queso Manchego La Pastora', 38.0000, 86, 4, 5, '10 - 500 g pkgs.', '12ad3742-d11a-4182-a689-378f9becb4f0.jpg'),
(13, 'Konbu', 6.0000, 24, 8, 6, '2 kg box', '13a41d43-14c8-4e6f-93dc-c652647991ef.jpg'),
(14, 'Tofu', 23.2500, 35, 7, 6, '40 - 100 g pkgs.', '14a06e9e-b23a-4a6f-b12a-6bcd509391f7.jpg'),
(15, 'Genen Shouyu', 15.5000, 39, 2, 6, '24 - 250 ml bottles', '15a5cb3a-3322-41ba-b498-a33aec9a60fc.jpg'),
(16, 'Pavlova', 17.4500, 29, 3, 7, '32 - 500 g boxes', '16afb830-abe1-4cd1-a5be-f3673f385233.jpg'),
(17, 'Alice Mutton', 39.0000, 0, 6, 7, '20 - 1 kg tins', '17a4eef7-9a9b-46f9-897c-5cf6598e8b52.jpg'),
(18, 'Carnarvon Tigers', 62.5000, 42, 8, 7, '16 kg pkg.', '18a1078a-9cd6-4cd4-900a-2262a6f65d24.jpg'),
(19, 'Teatime Chocolate Biscuits', 9.2000, 25, 3, 8, '10 boxes x 12 pieces', '19aa607d-637b-49dd-ba70-2555c44c2513.jpg'),
(20, 'Sir Rodney\'s Marmalade', 81.0000, 40, 3, 8, '30 gift boxes', '20a85122-1fee-4ce1-ba82-5f98603220cf.jpg'),
(21, 'Sir Rodney\'s Scones', 10.0000, 3, 3, 8, '24 pkgs. x 4 pieces', '21a753b0-d5d6-4313-aa9a-58abc1ba9622.jpg'),
(22, 'Gustaf\'s Knäckebröd', 21.0000, 104, 5, 9, '24 - 500 g pkgs.', '22a194c0-85d3-4905-b1a9-f51011d21edd.jpg'),
(23, 'Tunnbröd', 9.0000, 61, 5, 9, '12 - 250 g pkgs.', '23aea92f-d937-4588-8425-835629bf61cd.jpg'),
(24, 'Guaraná Fantástica', 4.5000, 20, 1, 10, '12 - 355 ml cans', '24abb35c-ab7f-4e4a-acf1-9ef6119899fc.jpg'),
(25, 'NuNuCa Nuß-Nougat-Creme', 14.0000, 76, 3, 11, '20 - 450 g glasses', '25a184fc-187d-43bc-bc45-a5436acfcef5.jpg'),
(26, 'Gumbär Gummibärchen', 31.2300, 15, 3, 11, '100 - 250 g bags', '26abf173-04bb-4394-a287-85bb84539c25.jpg'),
(27, 'Schoggi Schokolade', 43.9000, 49, 3, 11, '100 - 100 g pieces', '27ac049b-881a-4163-914c-ae78b0b13272.jpg'),
(28, 'Rössle Sauerkraut', 45.6000, 26, 7, 12, '25 - 825 g cans', '28a612a8-5aeb-45e7-98f7-d1ac8b22905e.jpg'),
(29, 'Thüringer Rostbratwurst', 123.7900, 0, 6, 12, '50 bags x 30 sausgs.', '29af85ae-b4ca-442f-9a48-6ccea2ca46b0.jpg'),
(30, 'Nord-Ost Matjeshering', 25.8900, 10, 8, 13, '10 - 200 g glasses', '30a17550-611f-40a8-9fc4-2cb6624ad067.jpg'),
(31, 'Gorgonzola Telino', 12.5000, 0, 4, 14, '12 - 100 g pkgs', '31a42fe0-c8aa-4ad7-93ef-8e9b999e0aef.jpg'),
(32, 'Mascarpone Fabioli', 32.0000, 9, 4, 14, '24 - 200 g pkgs.', '32a94c05-9e2a-4db7-86ea-e4b5b2abb3ce.jpg'),
(33, 'Geitost', 2.5000, 112, 4, 15, '500 g', '33a711bd-6321-4448-a504-5b69906a179b.jpg'),
(34, 'Sasquatch Ale', 14.0000, 111, 1, 16, '24 - 12 oz bottles', '34a60796-33b1-477e-a1a9-09c23e76a8ff.jpg'),
(35, 'Steeleye Stout', 18.0000, 20, 1, 16, '24 - 12 oz bottles', '35ac3f85-84b4-4dfb-87ae-702fbb7c85ec.jpg'),
(36, 'Inlagd Sill', 19.0000, 112, 8, 17, '24 - 250 g  jars', '36a22a0a-e65a-4476-8b3c-3b15061595b1.jpg'),
(37, 'Gravad lax', 26.0000, 11, 8, 17, '12 - 500 g pkgs.', '37a0b741-1ca6-4920-b044-55f67397dfba.jpg'),
(38, 'Côte de Blaye', 263.5000, 17, 1, 18, '12 - 75 cl bottles', '38a0c2b2-28a2-4f77-bcc3-0b87c0d3a5cb.jpg'),
(39, 'Chartreuse verte', 18.0000, 69, 1, 18, '750 cc per bottle', '39af4c23-7544-4456-91b0-bb5e2c48e5be.jpg'),
(40, 'Boston Crab Meat', 18.4000, 123, 8, 19, '24 - 4 oz tins', '40addd6c-b91e-4d7d-8fb9-5cf04c5a407c.jpg'),
(41, 'Jack\'s New England Clam Chowder', 9.6500, 85, 8, 19, '12 - 12 oz cans', '41a37c83-35bd-4293-926b-c778c8e8f706.jpg'),
(42, 'Singaporean Hokkien Fried Mee', 14.0000, 26, 5, 20, '32 - 1 kg pkgs.', '42afe07c-4252-4135-8063-e933e48fda46.jpg'),
(43, 'Ipoh Coffee', 46.0000, 17, 1, 20, '16 - 500 g tins', '43aa8781-c354-4460-8904-5ace6324de69.jpg'),
(44, 'Gula Malacca', 19.4500, 27, 2, 20, '20 - 2 kg bags', '44a2917c-2aa0-481e-bcd9-c7214262a46d.jpg'),
(45, 'Rogede sild', 9.5000, 5, 8, 21, '1k pkg.', '45a34318-ef69-4785-aac4-bd8eb6837801.jpg'),
(46, 'Spegesild', 12.0000, 95, 8, 21, '4 - 450 g glasses', '46a0af45-562e-422d-bd1b-601aaa175e0d.jpg'),
(47, 'Zaanse koeken', 9.5000, 36, 3, 22, '10 - 4 oz boxes', '47a80709-b8f3-43ab-9242-e9bcf8cc2c97.jpg'),
(48, 'Chocolade', 12.7500, 15, 3, 22, '10 pkgs.', '48a76eed-15b1-4577-9552-c592f754c647.jpg'),
(49, 'Maxilaku', 20.0000, 10, 3, 23, '24 - 50 g pkgs.', '49a4cbb8-b018-44e4-bfbe-cb404af90e4b.jpg'),
(50, 'Valkoinen suklaa', 16.2500, 65, 3, 23, '12 - 100 g bars', '50a38b41-706c-41eb-a22b-6f856ca644ce.jpg'),
(51, 'Manjimup Dried Apples', 53.0000, 20, 7, 24, '50 - 300 g pkgs.', '51a2bbcd-bc38-4495-bc20-f2ea75db66f9.jpg'),
(52, 'Filo Mix', 7.0000, 38, 5, 24, '16 - 2 kg boxes', '52a325da-ce76-41d9-82b1-e9d19f518b35.jpg'),
(53, 'Perth Pasties', 32.8000, 0, 6, 24, '48 pieces', '53a30034-93f6-4620-a1c0-7302542a2743.jpg'),
(54, 'Tourtière', 7.4500, 21, 6, 25, '16 pies', '54af9a26-a37a-456c-81df-2a71b79410d8.jpg'),
(55, 'Pâté chinois', 24.0000, 115, 6, 25, '24 boxes x 2 pies', '55a755ff-8f9d-4466-8c06-a6a566141831.jpg'),
(56, 'Gnocchi di nonna Alice', 38.0000, 21, 5, 26, '24 - 250 g pkgs.', '56a729b3-cea8-47c8-9c5b-ff961dc298d0.jpg'),
(57, 'Ravioli Angelo', 19.5000, 36, 5, 26, '24 - 250 g pkgs.', '57aa27f0-63a0-4167-ac0f-d74b2740820e.jpg'),
(58, 'Escargots de Bourgogne', 13.2500, 62, 8, 27, '24 pieces', '58a3cd14-b99c-4b8f-93bd-53295b2d18c3.jpg'),
(59, 'Raclette Courdavault', 55.0000, 79, 4, 28, '5 kg pkg.', '59a865b8-f5eb-4d72-97d2-d243b733978a.jpg'),
(60, 'Camembert Pierrot', 34.0000, 19, 4, 28, '15 - 300 g rounds', '60a8c72c-59ea-433d-8f7e-8ce534f369b5.jpg'),
(61, 'Sirop d\'érable', 28.5000, 113, 2, 29, '24 - 500 ml bottles', '61af18ab-e3ab-4ebb-a74e-9943871e3380.jpg'),
(62, 'Tarte au sucre', 49.3000, 17, 3, 29, '48 pies', '62aef61c-6f8b-4d03-9c73-570bb0c85f0a.jpg'),
(63, 'Vegie-spread', 43.9000, 24, 2, 7, '15 - 625 g jars', '63aca08a-4c2c-4640-a037-adbcf0cec995.jpg'),
(64, 'Wimmers gute Semmelknödel', 33.2500, 22, 5, 12, '20 bags x 4 pieces', '64a1bd53-051c-404c-a253-b29d1672af03.jpg'),
(65, 'Louisiana Fiery Hot Pepper Sauce', 21.0500, 76, 2, 2, '32 - 8 oz bottles', '65af7c6e-8db6-4cf5-9d07-8fc24eddeb1d.jpg'),
(66, 'Louisiana Hot Spiced Okra', 17.0000, 4, 2, 2, '24 - 8 oz jars', '66ab44bd-70b7-46c6-8347-459e7025506e.jpg'),
(67, 'Laughing Lumberjack Lager', 14.0000, 52, 1, 16, '24 - 12 oz bottles', '67ab7275-8a1c-4b3c-b161-774882816dba.jpg'),
(68, 'Scottish Longbreads', 12.5000, 6, 3, 8, '10 boxes x 8 pieces', '68ac7115-7a5a-4d7a-b0ea-5b71fad5cf8a.jpg'),
(69, 'Gudbrandsdalsost', 36.0000, 26, 4, 15, '10 kg pkg.', '69a4aaf4-3cdd-4a88-9f41-014448bd5efc.jpg'),
(70, 'Outback Lager', 15.0000, 15, 1, 7, '24 - 355 ml bottles', '70aab78c-ef63-41c0-800e-b2d1532f05c8.jpg'),
(71, 'Flotemysost', 21.5000, 26, 4, 15, '10 - 500 g pkgs.', '71a6c91b-1c64-4747-9b11-32892c3ccac7.jpg'),
(72, 'Mozzarella di Giovanni', 34.8000, 14, 4, 14, '24 - 200 g pkgs.', '72a45122-fc0f-488f-a9b8-4e31a5522733.jpg'),
(73, 'Röd Kaviar', 15.0000, 101, 8, 17, '24 - 150 g jars', '73acbca7-7918-4197-9b1a-aa4a2ef9bcd8.jpg'),
(74, 'Longlife Tofu', 10.0000, 4, 7, 4, '5 kg pkg.', '74ab9289-553b-47cf-88c9-a2e5c61dc39b.jpg'),
(75, 'Rhönbräu Klosterbier', 7.7500, 125, 1, 12, '24 - 0.5 l bottles', '75a4786e-7014-4c03-90b8-153ea66138ed.jpg'),
(76, 'Lakkalikööri', 18.0000, 57, 1, 23, '500 ml', '76acda58-8969-4d30-86c4-2d19104b15c7.jpg'),
(77, 'Original Frankfurter grüne Soße', 13.0000, 32, 2, 12, '12 boxes', '77acfad7-11c4-4c74-95f5-41db66c772ab.jpg');

CREATE TABLE `roles` (
  `id` int(11) NOT NULL,
  `name` varchar(20) NOT NULL
) ENGINE=InnoDB DEFAULT CHARSET=utf8mb4 COLLATE=utf8mb4_general_ci;

INSERT INTO `roles` (`id`, `name`) VALUES
(1, 'Admin'),
(2, 'User');

CREATE TABLE `shippers` (
  `id` int(11) NOT NULL,
  `name` varchar(50) NOT NULL
) ENGINE=InnoDB DEFAULT CHARSET=utf8mb4 COLLATE=utf8mb4_general_ci;

INSERT INTO `shippers` (`id`, `name`) VALUES
(1, 'Alfred\'s Futterkiste'),
(2, 'Alfreds Futterkiste'),
(3, 'Ana Trujillo Emparedados y helados'),
(4, 'Antonio Moreno Taquería'),
(5, 'Around the Horn'),
(6, 'B\'s Beverages'),
(7, 'Berglunds snabbköp'),
(8, 'Blauer See Delikatessen'),
(9, 'Blondel père et fils'),
(10, 'Bólido Comidas preparadas'),
(11, 'Bon app\''),
(12, 'Bottom-Dollar Markets'),
(13, 'Cactus Comidas para llevar'),
(14, 'Centro comercial Moctezuma'),
(15, 'Chop-suey Chinese'),
(16, 'Comércio Mineiro'),
(17, 'Consolidated Holdings'),
(18, 'Die Wandernde Kuh'),
(19, 'Drachenblut Delikatessen'),
(20, 'Du monde entier'),
(21, 'Eastern Connection'),
(22, 'Ernst Handel'),
(23, 'Familia Arquibaldo'),
(24, 'Folies gourmandes'),
(25, 'Folk och fä HB'),
(26, 'France restauration'),
(27, 'Franchi S.p.A.'),
(28, 'Frankenversand'),
(29, 'Furia Bacalhau e Frutos do Mar'),
(30, 'Galería del gastronómo'),
(31, 'Godos Cocina Típica'),
(32, 'Gourmet Lanchonetes'),
(33, 'Great Lakes Food Market'),
(34, 'GROSELLA-Restaurante'),
(35, 'Hanari Carnes'),
(36, 'HILARION-Abastos'),
(37, 'Hungry Coyote Import Store'),
(38, 'Hungry Owl All-Night Grocers'),
(39, 'Island Trading'),
(40, 'Königlich Essen'),
(41, 'La corne d\'abondance'),
(42, 'La maison d\'Asie'),
(43, 'Laughing Bacchus Wine Cellars'),
(44, 'Lazy K Kountry Store'),
(45, 'Lehmanns Marktstand'),
(46, 'Let\'s Stop N Shop'),
(47, 'LILA-Supermercado'),
(48, 'LINO-Delicateses'),
(49, 'Lonesome Pine Restaurant'),
(50, 'Magazzini Alimentari Riuniti'),
(51, 'Maison Dewey'),
(52, 'Mère Paillarde'),
(53, 'Morgenstern Gesundkost'),
(54, 'North/South'),
(55, 'Océano Atlántico Ltda.'),
(56, 'Old World Delicatessen'),
(57, 'Ottilies Käseladen'),
(58, 'Pericles Comidas clásicas'),
(59, 'Piccolo und mehr'),
(60, 'Princesa Isabel Vinhos'),
(61, 'Que Delícia'),
(62, 'Queen Cozinha'),
(63, 'QUICK-Stop'),
(64, 'Rancho grande'),
(65, 'Rattlesnake Canyon Grocery'),
(66, 'Reggiani Caseifici'),
(67, 'Ricardo Adocicados'),
(68, 'Richter Supermarkt'),
(69, 'Romero y tomillo'),
(70, 'Santé Gourmet'),
(71, 'Save-a-lot Markets'),
(72, 'Seven Seas Imports'),
(73, 'Simons bistro'),
(74, 'Spécialités du monde'),
(75, 'Split Rail Beer & Ale'),
(76, 'Suprêmes délices'),
(77, 'The Big Cheese'),
(78, 'The Cracker Box'),
(79, 'Toms Spezialitäten'),
(80, 'Tortuga Restaurante'),
(81, 'Tradiçao Hipermercados'),
(82, 'Trail\'s Head Gourmet Provisioners'),
(83, 'Vaffeljernet'),
(84, 'Victuailles en stock'),
(85, 'Vins et alcools Chevalier'),
(86, 'Wartian Herkku'),
(87, 'Wellington Importadora'),
(88, 'White Clover Markets'),
(89, 'Wilman Kala'),
(90, 'Wolski Zajazd');

CREATE TABLE `suppliers` (
  `id` int(11) NOT NULL,
  `companyName` varchar(40) NOT NULL,
  `contactName` varchar(30) DEFAULT NULL,
  `contactTitle` varchar(30) DEFAULT NULL,
  `countryId` int(11) DEFAULT NULL,
  `cityId` int(11) DEFAULT NULL,
  `address` varchar(60) DEFAULT NULL,
  `postalCode` varchar(10) DEFAULT NULL,
  `phone` varchar(24) DEFAULT NULL,
  `fax` varchar(24) DEFAULT NULL
) ENGINE=InnoDB DEFAULT CHARSET=utf8mb4 COLLATE=utf8mb4_general_ci;

INSERT INTO `suppliers` (`id`, `companyName`, `contactName`, `contactTitle`, `countryId`, `cityId`, `address`, `postalCode`, `phone`, `fax`) VALUES
(1, 'Exotic Liquids', 'Charlotte Cooper', 'Purchasing Manager', 23, 45, '49 Gilbert St.', 'EC1 4SD', '(171) 555-2222', NULL),
(2, 'New Orleans Cajun Delights', 'Shelley Burke', 'Order Administrator', 24, 60, 'P.O. Box 78934', '70117', '(100) 555-4822', NULL),
(3, 'Grandma Kelly\'s Homestead', 'Regina Murphy', 'Sales Representative', 24, 4, '707 Oxford Rd.', '48104', '(313) 555-5735', '(313) 555-3349'),
(4, 'Tokyo Traders', 'Yoshi Nagase', 'Marketing Manager', 13, 88, '9-8 Sekimai Musashino-shi', '100', '(03) 3555-5011', NULL),
(5, 'Cooperativa de Quesos \'Las Cabras\'', 'Antonio del Valle Saavedra', 'Export Administrator', 20, 63, 'Calle del Rosal 4', '33007', '(98) 598 76 54', NULL),
(6, 'Mayumi\'s', 'Mayumi Ohno', 'Marketing Representative', 13, 61, '92 Setsuko Chuo-ku', '545', '(06) 431-7877', NULL),
(7, 'Pavlova, Ltd.', 'Ian Devling', 'Marketing Manager', 2, 53, '74 Rose St. Moonie Ponds', '3058', '(03) 444-2343', '(03) 444-6588'),
(8, 'Specialty Biscuits, Ltd.', 'Peter Wilson', 'Sales Representative', 23, 50, '29 King\'s Way', 'M14 GSD', '(161) 555-4448', NULL),
(9, 'PB Knäckebröd AB', 'Lars Peterson', 'Sales Agent', 21, 33, 'Kaloadagatan 13', 'S-345 67', '031-987 65 43', '031-987 65 91'),
(10, 'Refrescos Americanas LTDA', 'Carlos Diaz', 'Marketing Manager', 5, 77, 'Av. das Americanas 12.890', '5442', '(11) 555 4640', NULL),
(11, 'Heli Süßwaren GmbH & Co. KG', 'Petra Winkler', 'Sales Manager', 10, 11, 'Tiergartenstraße 5', '10785', '(010) 9984510', NULL),
(12, 'Plutzer Lebensmittelgroßmärkte AG', 'Martin Bein', 'International Marketing Mgr.', 10, 30, 'Bogenallee 51', '60439', '(069) 992755', NULL),
(13, 'Nord-Ost-Fisch Handelsgesellschaft mbH', 'Sven Petersen', 'Coordinator Foreign Markets', 10, 27, 'Frahmredder 112a', '27478', '(04721) 8713', '(04721) 8714'),
(14, 'Formaggi Fortini s.r.l.', 'Elio Rossi', 'Sales Representative', 12, 66, 'Viale Dante, 75', '48100', '(0544) 60323', '(0544) 60603'),
(15, 'Norske Meierier', 'Beate Vileid', 'Marketing Manager', 16, 76, 'Hatlevegen 5', '1320', '(0)2-953010', NULL),
(16, 'Bigfoot Breweries', 'Cheryl Saylor', 'Regional Account Rep.', 24, 9, '3400 - 8th Avenue Suite 210', '97101', '(503) 555-9931', NULL),
(17, 'Svensk Sjöföda AB', 'Michael Björn', 'Sales Representative', 21, 83, 'Brovallavägen 231', 'S-123 45', '08-123 45 67', NULL),
(18, 'Aux joyeux ecclésiastiques', 'Guylène Nodier', 'Sales Manager', 9, 64, '203, Rue des Francs-Bourgeois', '75004', '(1) 03.83.00.68', '(1) 03.83.00.62'),
(19, 'New England Seafood Cannery', 'Robb Merchant', 'Wholesale Account Agent', 24, 14, 'Order Processing Dept. 2100 Paul Revere Blvd.', '02134', '(617) 555-3267', '(617) 555-3389'),
(20, 'Leka Trading', 'Chandra Leka', 'Owner', 19, 80, '471 Serangoon Loop, Suite #402', '0512', '555-8787', NULL),
(21, 'Lyngbysild', 'Niels Petersen', 'Sales Manager', 7, 47, 'Lyngbysild Fiskebakken 10', '2800', '43844108', '43844115'),
(22, 'Zaanse Snoepfabriek', 'Dirk Luchte', 'Accounting Manager', 15, 96, 'Verkoop Rijnweg 22', '9999 ZZ', '(12345) 1212', '(12345) 1210'),
(23, 'Karkki Oy', 'Anne Heikkonen', 'Product Manager', 8, 41, 'Valtakatu 12', '53120', '(953) 10956', NULL),
(24, 'G\'day, Mate', 'Wendy Mackenzie', 'Sales Representative', 2, 86, '170 Prince Edward Parade Hunter\'s Hill', '2042', '(02) 555-5914', '(02) 555-4873'),
(25, 'Ma Maison', 'Jean-Guy Lauzon', 'Marketing Manager', 6, 56, '2960 Rue St. Laurent', 'H1J 1C3', '(514) 555-9022', NULL),
(26, 'Pasta Buttini s.r.l.', 'Giovanni Giudici', 'Order Administrator', 12, 72, 'Via dei Gelsomini, 153', '84100', '(089) 6547665', '(089) 6547667'),
(27, 'Escargots Nouveaux', 'Marie Delamare', 'Sales Manager', 9, 55, '22, rue H. Voiron', '71300', '85.57.00.07', NULL),
(28, 'Gai pâturage', 'Eliane Noz', 'Sales Representative', 9, 5, 'Bat. B 3, rue des Alpes', '74000', '38.76.98.06', '38.76.98.58'),
(29, 'Forêts d\'érables', 'Chantal Goulet', 'Accounting Manager', 6, 82, '148 rue Chasseur', 'J2S 7S8', '(514) 555-2955', '(514) 555-2921');

CREATE TABLE `users` (
  `id` int(11) NOT NULL,
  `firstName` varchar(50) NOT NULL,
  `lastName` varchar(50) NOT NULL,
  `email` varchar(100) NOT NULL,
  `password` varchar(256) NOT NULL,
  `roleId` int(11) NOT NULL
) ENGINE=InnoDB DEFAULT CHARSET=utf8mb4 COLLATE=utf8mb4_general_ci;


ALTER TABLE `categories`
  ADD PRIMARY KEY (`id`);

ALTER TABLE `cities`
  ADD PRIMARY KEY (`id`),
  ADD KEY `FK_Cities_Countries` (`countryId`);

ALTER TABLE `countries`
  ADD PRIMARY KEY (`id`);

ALTER TABLE `customers`
  ADD PRIMARY KEY (`id`),
  ADD KEY `FK_Customers_Countries` (`countryId`),
  ADD KEY `FK_Customers_Cities` (`cityId`);

ALTER TABLE `employees`
  ADD PRIMARY KEY (`id`),
  ADD KEY `FK_Employees_Employees` (`reportsTo`),
  ADD KEY `FK_Employees_Countries` (`countryId`),
  ADD KEY `FK_Employees_Cities` (`cityId`);

ALTER TABLE `order-details`
  ADD PRIMARY KEY (`orderId`,`productId`),
  ADD KEY `FK_Order_Details_Products` (`productId`);

ALTER TABLE `orders`
  ADD PRIMARY KEY (`id`),
  ADD KEY `FK_Orders_Customers` (`customerId`),
  ADD KEY `FK_Orders_Employees` (`employeeId`),
  ADD KEY `FK_Orders_Shippers` (`shipperId`),
  ADD KEY `FK_Orders_Countries` (`countryId`),
  ADD KEY `FK_Orders_Cities` (`cityId`);

ALTER TABLE `products`
  ADD PRIMARY KEY (`id`),
  ADD KEY `FK_Products_Categories` (`categoryId`),
  ADD KEY `FK_Products_Suppliers` (`supplierId`);

ALTER TABLE `roles`
  ADD PRIMARY KEY (`id`);

ALTER TABLE `shippers`
  ADD PRIMARY KEY (`id`);

ALTER TABLE `suppliers`
  ADD PRIMARY KEY (`id`),
  ADD KEY `FK_Suppliers_Countries` (`countryId`),
  ADD KEY `FK_Suppliers_Cities` (`cityId`);

ALTER TABLE `users`
  ADD PRIMARY KEY (`id`),
  ADD KEY `FK_Users_Roles` (`roleId`);


ALTER TABLE `categories`
  MODIFY `id` int(11) NOT NULL AUTO_INCREMENT, AUTO_INCREMENT=9;

ALTER TABLE `cities`
  MODIFY `id` int(11) NOT NULL AUTO_INCREMENT, AUTO_INCREMENT=97;

ALTER TABLE `countries`
  MODIFY `id` int(11) NOT NULL AUTO_INCREMENT, AUTO_INCREMENT=26;

ALTER TABLE `employees`
  MODIFY `id` int(11) NOT NULL AUTO_INCREMENT, AUTO_INCREMENT=10;

ALTER TABLE `orders`
  MODIFY `id` int(11) NOT NULL AUTO_INCREMENT, AUTO_INCREMENT=11078;

ALTER TABLE `products`
  MODIFY `id` int(11) NOT NULL AUTO_INCREMENT, AUTO_INCREMENT=78;

ALTER TABLE `roles`
  MODIFY `id` int(11) NOT NULL AUTO_INCREMENT, AUTO_INCREMENT=3;

ALTER TABLE `shippers`
  MODIFY `id` int(11) NOT NULL AUTO_INCREMENT, AUTO_INCREMENT=91;

ALTER TABLE `suppliers`
  MODIFY `id` int(11) NOT NULL AUTO_INCREMENT, AUTO_INCREMENT=30;

ALTER TABLE `users`
  MODIFY `id` int(11) NOT NULL AUTO_INCREMENT;


ALTER TABLE `cities`
  ADD CONSTRAINT `FK_Cities_Countries` FOREIGN KEY (`countryId`) REFERENCES `countries` (`id`);

ALTER TABLE `customers`
  ADD CONSTRAINT `FK_Customers_Cities` FOREIGN KEY (`cityId`) REFERENCES `cities` (`id`),
  ADD CONSTRAINT `FK_Customers_Countries` FOREIGN KEY (`countryId`) REFERENCES `countries` (`id`);

ALTER TABLE `employees`
  ADD CONSTRAINT `FK_Employees_Cities` FOREIGN KEY (`cityId`) REFERENCES `cities` (`id`),
  ADD CONSTRAINT `FK_Employees_Countries` FOREIGN KEY (`countryId`) REFERENCES `countries` (`id`),
  ADD CONSTRAINT `FK_Employees_Employees` FOREIGN KEY (`reportsTo`) REFERENCES `employees` (`id`);

ALTER TABLE `order-details`
  ADD CONSTRAINT `FK_Order_Details_Orders` FOREIGN KEY (`orderId`) REFERENCES `orders` (`id`),
  ADD CONSTRAINT `FK_Order_Details_Products` FOREIGN KEY (`productId`) REFERENCES `products` (`id`);

ALTER TABLE `orders`
  ADD CONSTRAINT `FK_Orders_Cities` FOREIGN KEY (`cityId`) REFERENCES `cities` (`id`),
  ADD CONSTRAINT `FK_Orders_Countries` FOREIGN KEY (`countryId`) REFERENCES `countries` (`id`),
  ADD CONSTRAINT `FK_Orders_Customers` FOREIGN KEY (`customerId`) REFERENCES `customers` (`id`),
  ADD CONSTRAINT `FK_Orders_Employees` FOREIGN KEY (`employeeId`) REFERENCES `employees` (`id`),
  ADD CONSTRAINT `FK_Orders_Shippers` FOREIGN KEY (`shipperId`) REFERENCES `shippers` (`id`);

ALTER TABLE `products`
  ADD CONSTRAINT `FK_Products_Categories` FOREIGN KEY (`categoryId`) REFERENCES `categories` (`id`),
  ADD CONSTRAINT `FK_Products_Suppliers` FOREIGN KEY (`supplierId`) REFERENCES `suppliers` (`id`);

ALTER TABLE `suppliers`
  ADD CONSTRAINT `FK_Suppliers_Cities` FOREIGN KEY (`cityId`) REFERENCES `cities` (`id`),
  ADD CONSTRAINT `FK_Suppliers_Countries` FOREIGN KEY (`countryId`) REFERENCES `countries` (`id`);

ALTER TABLE `users`
  ADD CONSTRAINT `FK_Users_Roles` FOREIGN KEY (`roleId`) REFERENCES `roles` (`id`);
COMMIT;

/*!40101 SET CHARACTER_SET_CLIENT=@OLD_CHARACTER_SET_CLIENT */;
/*!40101 SET CHARACTER_SET_RESULTS=@OLD_CHARACTER_SET_RESULTS */;
/*!40101 SET COLLATION_CONNECTION=@OLD_COLLATION_CONNECTION */;
